Unnamed: 0,it is xxx,it was xxx,xxx something,do something xxxly,xxx and...,It's too xxx,It was too xxx
big,大きい,大きかった,大きな,大きく,大きくて,大きすぎる,大きすぎた
,大きくない,大きくなかった,大きくない,,大きくなくて,大きくなさすぎる,大きくなさすぎた
,大きいです,大きかったです,,,,大きすぎます,大きすぎました
,"大きくないです
大きくはありません","大きくなかったです
大きくはありませんでした",,,,大きくなさすぎます,大きくなさすぎました
becautiful/clean,きれい,きれいだった,きれいな,きれいに,きれいで,きれいすぎる,きれいすぎた
,きれいではない,きれいではなかった,きれいではない,,きれいではなくて,きれいでなさすぎる,きれいでなさすぎた
,きれいです,きれいでした,,,,きれいすぎます,きれいすぎました
,"きれいではないです
きれいではありません","きれいではなかったです
きれいではありませんでした",,,,きれいでなさすぎます,きれいでなさすぎました
silent,しづか,しづかだった,しづかな,しづかに,しづかで,しづかすぎる,しづかすぎた
,しづかでない,しづかではなかった,しづかではない,,しづかではなくて,しづかでなさすぎる,しづかでなさすぎた
,しづかです,しづかでした,,,,しづかすぎます,しづかすぎました
,"しづかではないです
しづかではありません","しづかではなかったです
しづかではありませんでした",,,,しづかでなさすぎる,しづかでなさすぎました
small,小さい,小さかった,小さい,小さく,小さくて,小さすぎる,小さすぎた
,小さくない,小さくなかった,小さくない,,小さくなくて,小さくなさすぎる,小さくなさすぎた
,小さいです,小さかったです,,,,小さすぎます,小さすぎました
,"小さくないです
小さくはありません","小さくなかったです
小さくはありませんでした",,,,小さくなさすぎます,小さくなさすぎました
long,長い,長かった,長い,,長くて,長すぎる,長すぎた
,長くない,長くなかった,長くない,,長くなくて,長くなさすぎる,長くなさすぎた
,長いです,長かったです,,,,長すぎます,長すぎました
,"長くないです
長くはありません","長くなかったです
長くはありませんでした",,,,長くなさすぎます,長くなさすぎました
short (length),短い,短かった,短い,,短くて,短すぎる,短すぎた
,短くない,短くなかった,短くない,,短くなくて,短くなさすぎる,短くなさすぎた
,短いです,短かったです,,,,短すぎます,短すぎました
,"短くないです
短くはありません","短くなかったです
短くはありませんでした",,,,短くなさすぎます,短くなさすぎました
short (height/low),低い,低かった,低い,,低くて,低すぎる,低すぎた
,低くない,低くなかった,低くない,,低くなくて,低くなさすぎる,低くなさすぎた
,低いです,低かったです,,,,低すぎます,低すぎました
,"低くないです
低くはありません","低くなかったです
低くはありませんでした",,,,低くなさすぎます,低くなさすぎました
high/tall,高い,高かった,高い,,高くて,高すぎる,高すぎた
,高くない,高くなかった,高くない,,高くなくて,高くなさすぎる,高くなさすぎた
,高いです,高かったです,,,,高すぎます,高すぎました
,"高くないです
高くはありません","高くなかったです
高くはありませんでした",,,,高くなさすぎます,高くなさすぎました
cheap/inexpensive,安い,安かった,安い,,安くて,安すぎる,安すぎた
,安くない,安くなかった,安くない,,安くなくて,安くなさすぎる,安くなさすぎた
,安いです,安かったです,,,,安すぎます,安すぎました
,"安くないです
安くはありません","安くなかったです
安くはありませんでした",,,,安くなさすぎます,安くなさすぎました
wide/spacious,広い,広かった,広い,,広くて,広すぎる,広すぎた
,広くない,広くなかった,広くない,,広くなくて,広くなさすぎる,広くなさすぎた
,広いです,広かったです,,,,広すぎます,広すぎました
,"広くないです
広くはありません","広くなかったです
広くはありませんでした",,,,広くなさすぎます,広くなさすぎました
narrow,狭い,狭かった,狭い,,狭くて,狭すぎる,狭すぎた
,狭くない,狭くなかった,狭くない,,狭くなくて,狭くなさすぎる,狭くなさすぎた
,狭いです,狭かったです,,,,狭すぎます,狭すぎました
,"狭くないです
狭くはありません","狭くなかったです
狭くはありませんでした",,,,狭くなさすぎます,狭くなさすぎました
heavy,重い,重かった,重い,,重くて,重すぎる,重すぎた
,重くない,重くなかった,重くない,,重くなくて,重くなさすぎる,重くなさすぎた
,重いです,重かったです,,,,重すぎます,重すぎました
,"重くないです
重くはありません","重くなかったです
重くはありませんでした",,,,重くなさすぎます,重くなさすぎました
light (weight),軽い,軽かった,軽い,,軽くて,軽すぎる,軽すぎた
,軽くない,軽くなかった,軽くない,,軽くなくて,軽くなさすぎる,軽くなさすぎた
,軽いです,軽かったです,,,,軽すぎます,軽すぎました
,"軽くないです
軽くはありません","軽くなかったです
軽くはありませんでした",,,,軽くなさすぎます,軽くなさすぎました
new,新しい,新しかった,新しい,,新しくて,新しすぎる,新しすぎた
,新しくない,新しくなかった,新しくない,,新しくなくて,新しくなさすぎる,新しくなさすぎた
,新しいです,新しかったです,,,,新しすぎます,新しすぎました
,"新しくないです
新しくはありません","新しくなかったです
新しくはありませんでした",,,,新しくなさすぎます,新しくなさすぎました
old,古い,古かった,古い,,古くて,古すぎる,古すぎた
,古くない,古くなかった,古くない,,古くなくて,古くなさすぎる,古くなさすぎた
,古いです,古かったです,,,,古すぎます,古すぎました
,"古くないです
古くはありません","古くなかったです
古くはありませんでした",,,,古くなさすぎます,古くなさすぎました
young,若い,若かった,若い,,若くて,若すぎる,若すぎた
,若くない,若くなかった,若くない,,若くなくて,若くなさすぎる,若くなさすぎた
,若いです,若かったです,,,,若すぎます,若すぎました
,"若くないです
若くはありません","若くなかったです
若くはありませんでした",,,,若くなさすぎます,若くなさすぎました
late/slow,遅い,遅かった,遅い,,遅くて,遅すぎる,遅すぎた
,遅くない,遅くなかった,遅くない,,遅くなくて,遅くなさすぎる,遅くなさすぎた
,遅いです,遅かったです,,,,遅すぎます,遅すぎました
,"遅くないです
遅くはありません","遅くなかったです
遅くはありませんでした",,,,遅くなさすぎます,遅くなさすぎました
early/fast,早い,早かった,早い,,早くて,早すぎる,早すぎた
,早くない,早くなかった,早くない,,早くなくて,早くなさすぎる,早くなさすぎた
,早いです,早かったです,,,,早すぎます,早すぎました
,"早くないです
早くはありません","早くなかったです
早くはありませんでした",,,,早くなさすぎます,早くなさすぎました
hot (weather),暑い,暑かった,暑い,,暑くて,暑すぎる,暑すぎた
,暑くない,暑くなかった,暑くない,,暑くなくて,暑くなさすぎる,暑くなさすぎた
,暑いです,暑かったです,,,,暑すぎます,暑すぎました
,"暑くないです
暑くはありません","暑くなかったです
暑くはありませんでした",,,,暑くなさすぎます,暑くなさすぎました
hot (things),熱い,熱かった,熱い,,熱くて,熱すぎる,熱すぎた
,熱くない,熱くなかった,熱くない,,熱くなくて,熱くなさすぎる,熱くなさすぎた
,熱いです,熱かったです,,,,熱すぎます,熱すぎました
,"熱くないです
熱くはありません","熱くなかったです
熱くはありませんでした",,,,熱くなさすぎます,熱くなさすぎました
cold (weather),寒い,寒かった,寒い,,寒くて,寒すぎる,寒すぎた
,寒くない,寒くなかった,寒くない,,寒くなくて,寒くなさすぎる,寒くなさすぎた
,寒いです,寒かったです,,,,寒すぎます,寒すぎました
,"寒くないです
寒くはありません","寒くなかったです
寒くはありませんでした",,,,寒くなさすぎます,寒くなさすぎました
cold (to the touch),冷たい,冷たかった,冷たい,,冷たくて,冷たすぎる,冷たすぎた
,冷たくない,冷たくなかった,冷たくない,,冷たくなくて,冷たくなさすぎる,冷たくなさすぎた
,冷たいです,冷たかったです,,,,冷たすぎます,冷たすぎました
,"冷たくないです
冷たくはありません","冷たくなかったです
冷たくはありませんでした",,,,冷たくなさすぎます,冷たくなさすぎました
warm,暖かい,暖かかった,暖かい,,暖かくて,暖かすぎる,暖かすぎた
,暖かくない,暖かくなかった,暖かくない,,暖かくなくて,暖かくなさすぎる,暖かくなさすぎた
,暖かいです,暖かかったです,,,,暖かすぎます,暖かすぎました
,"暖かくないです
暖かくはありません","暖かくなかったです
暖かくはありませんでした",,,,暖かくなさすぎます,暖かくなさすぎました
cool (temperature),涼しい,涼しかった,涼しい,,涼しくて,涼しすぎる,涼しすぎた
,涼しくない,涼しくなかった,涼しくない,,涼しくなくて,涼しくなさすぎる,涼しくなさすぎた
,涼しいです,涼しかったです,,,,涼しすぎます,涼しすぎました
,"涼しくないです
涼しくはありません","涼しくなかったです
涼しくはありませんでした",,,,涼しくなさすぎます,涼しくなさすぎました
sweet,甘い,甘かった,甘い,,甘くて,甘すぎる,甘すぎた
,甘くない,甘くなかった,甘くない,,甘くなくて,甘くなさすぎる,甘くなさすぎた
,甘いです,甘かったです,,,,甘すぎます,甘すぎました
,"甘くないです
甘くはありません","甘くなかったです
甘くはありませんでした",,,,甘くなさすぎます,甘くなさすぎました
spicy,辛い,辛かった,辛い,,辛くて,辛すぎる,辛すぎた
,辛くない,辛くなかった,辛くない,,辛くなくて,辛くなさすぎる,辛くなさすぎた
,辛いです,辛かったです,,,,辛すぎます,辛すぎました
,"辛くないです
辛くはありません","辛くなかったです
辛くはありませんでした",,,,辛くなさすぎます,辛くなさすぎました
salty,塩辛い,塩辛かった,塩辛い,,塩辛くて,塩辛すぎる,塩辛すぎた
,塩辛くない,塩辛くなかった,塩辛くない,,塩辛くなくて,塩辛くなさすぎる,塩辛くなさすぎた
,塩辛いです,塩辛かったです,,,,塩辛すぎます,塩辛すぎました
,"塩辛くないです
塩辛くはありません","塩辛くなかったです
塩辛くはありませんでした",,,,塩辛くなさすぎます,塩辛くなさすぎました
bitter,苦い,苦かった,苦い,,苦くて,苦すぎる,苦すぎた
,苦くない,苦くなかった,苦くない,,苦くなくて,苦くなさすぎる,苦くなさすぎた
,苦いです,苦かったです,,,,苦すぎます,苦すぎました
,"苦くないです
苦くはありません","苦くなかったです
苦くはありませんでした",,,,苦くなさすぎます,苦くなさすぎました
sour,酸っぱい,酸っぱかった,酸っぱい,,酸っぱくて,酸っぱすぎる,酸っぱすぎた
,酸っぱくない,酸っぱくなかった,酸っぱくない,,酸っぱくなくて,酸っぱくなさすぎる,酸っぱくなさすぎた
,酸っぱいです,酸っぱかったです,,,,酸っぱすぎます,酸っぱすぎました
,"酸っぱくないです
酸っぱくはありません","酸っぱくなかったです
酸っぱくはありませんでした",,,,酸っぱくなさすぎます,酸っぱくなさすぎました
delicious,美味しい,美味しかった,美味しい,,美味しくて,美味しすぎる,美味しすぎた
,美味しくない,美味しくなかった,美味しくない,,美味しくなくて,美味しくなさすぎる,美味しくなさすぎた
,美味しいです,美味しかったです,,,,美味しすぎます,美味しすぎました
,"美味しくないです
美味しくはありません","美味しくなかったです
美味しくはありませんでした",,,,美味しくなさすぎます,美味しくなさすぎました
tasteless/bad-tasting,まずい,まずかった,まずい,,まずくて,まずすぎる,まずすぎた
,まずくない,まずくなかった,まずくない,,まずくなくて,まずくなさすぎる,まずくなさすぎた
,まずいです,まずかったです,,,,まずすぎます,まずすぎました
,"まずくないです
まずくはありません","まずくなかったです
まずくはありませんでした",,,,まずくなさすぎます,まずくなさすぎました
dirty,汚い,汚かった,汚い,,汚くて,汚すぎる,汚すぎた
,汚くない,汚くなかった,汚くない,,汚くなくて,汚くなさすぎる,汚くなさすぎた
,汚いです,汚かったです,,,,汚すぎます,汚すぎました
,"汚くないです
汚くはありません","汚くなかったです
汚くはありませんでした",,,,汚くなさすぎます,汚くなさすぎました
bright (light),明るい,明るかった,明るい,,明るくて,明るすぎる,明るすぎた
,明るくない,明るくなかった,明るくない,,明るくなくて,明るくなさすぎる,明るくなさすぎた
,明るいです,明るかったです,,,,明るすぎます,明るすぎました
,"明るくないです
明るくはありません","明るくなかったです
明るくはありませんでした",,,,明るくなさすぎます,明るくなさすぎました
dark (light),暗い,暗かった,暗い,,暗くて,暗すぎる,暗すぎた
,暗くない,暗くなかった,暗くない,,暗くなくて,暗くなさすぎる,暗くなさすぎた
,暗いです,暗かったです,,,,暗すぎます,暗すぎました
,"暗くないです
暗くはありません","暗くなかったです
暗くはありませんでした",,,,暗くなさすぎます,暗くなさすぎました
strong,強い,強かった,強い,,強くて,強すぎる,強すぎた
,強くない,強くなかった,強くない,,強くなくて,強くなさすぎる,強くなさすぎた
,強いです,強かったです,,,,強すぎます,強すぎました
,"強くないです
強くはありません","強くなかったです
強くはありませんでした",,,,強くなさすぎます,強くなさすぎました
weak,弱い,弱かった,弱い,,弱くて,弱すぎる,弱すぎた
,弱くない,弱くなかった,弱くない,,弱くなくて,弱くなさすぎる,弱くなさすぎた
,弱いです,弱かったです,,,,弱すぎます,弱すぎました
,"弱くないです
弱くはありません","弱くなかったです
弱くはありませんでした",,,,弱くなさすぎます,弱くなさすぎました
thick,厚い,厚かった,厚い,,厚くて,厚すぎる,厚すぎた
,厚くない,厚くなかった,厚くない,,厚くなくて,厚くなさすぎる,厚くなさすぎた
,厚いです,厚かったです,,,,厚すぎます,厚すぎました
,"厚くないです
厚くはありません","厚くなかったです
厚くはありませんでした",,,,厚くなさすぎます,厚くなさすぎました
thin (flat objects),薄い,薄かった,薄い,,薄くて,薄すぎる,薄すぎた
,薄くない,薄くなかった,薄くない,,薄くなくて,薄くなさすぎる,薄くなさすぎた
,薄いです,薄かったです,,,,薄すぎます,薄すぎました
,"薄くないです
薄くはありません","薄くなかったです
薄くはありませんでした",,,,薄くなさすぎます,薄くなさすぎました
fat,太い,太かった,太い,,太くて,太すぎる,太すぎた
,太くない,太くなかった,太くない,,太くなくて,太くなさすぎる,太くなさすぎた
,太いです,太かったです,,,,太すぎます,太すぎました
,"太くないです
太くはありません","太くなかったです
太くはありませんでした",,,,太くなさすぎます,太くなさすぎました
slim/thin,細い,細かった,細い,,細くて,細すぎる,細すぎた
,細くない,細くなかった,細くない,,細くなくて,細くなさすぎる,細くなさすぎた
,細いです,細かったです,,,,細すぎます,細すぎました
,"細くないです
細くはありません","細くなかったです
細くはありませんでした",,,,細くなさすぎます,細くなさすぎました
many/much,多い,多かった,多い,,多くて,多すぎる,多すぎた
,多くない,多くなかった,多くない,,多くなくて,多くなさすぎる,多くなさすぎた
,多いです,多かったです,,,,多すぎます,多すぎました
,"多くないです
多くはありません","多くなかったです
多くはありませんでした",,,,多くなさすぎます,多くなさすぎました
few/little,少ない,少なかった,少ない,,少なくて,少なすぎる,少なすぎた
,少なくない,少なくなかった,少なくない,,少なくなくて,少なくなさすぎる,少なくなさすぎた
,少ないです,少なかったです,,,,少なすぎます,少なすぎました
,"少なくないです
少なくはありません","少なくなかったです
少なくはありませんでした",,,,少なくなさすぎます,少なくなさすぎました
correct,正しい,正しかった,正しい,,正しくて,正しすぎる,正しすぎた
,正しくない,正しくなかった,正しくない,,正しくなくて,正しくなさすぎる,正しくなさすぎた
,正しいです,正しかったです,,,,正しすぎます,正しすぎました
,"正しくないです
正しくはありません","正しくなかったです
正しくはありませんでした",,,,正しくなさすぎます,正しくなさすぎました
easy (kind),優しい,優しかった,優しい,,優しくて,優しすぎる,優しすぎた
,優しくない,優しくなかった,優しくない,,優しくなくて,優しくなさすぎる,優しくなさすぎた
,優しいです,優しかったです,,,,優しすぎます,優しすぎました
,"優しくないです
優しくはありません","優しくなかったです
優しくはありませんでした",,,,優しくなさすぎます,優しくなさすぎました
strict,厳しい,厳しかった,厳しい,,厳しくて,厳しすぎる,厳しすぎた
,厳しくない,厳しくなかった,厳しくない,,厳しくなくて,厳しくなさすぎる,厳しくなさすぎた
,厳しいです,厳しかったです,,,,厳しすぎます,厳しすぎました
,"厳しくないです
厳しくはありません","厳しくなかったです
厳しくはありませんでした",,,,厳しくなさすぎます,厳しくなさすぎました
difficult (task),難しい,難しかった,難しい,,難しくて,難しすぎる,難しすぎた
,難しくない,難しくなかった,難しくない,,難しくなくて,難しくなさすぎる,難しくなさすぎた
,難しいです,難しかったです,,,,難しすぎます,難しすぎました
,"難しくないです
難しくはありません","難しくなかったです
難しくはありませんでした",,,,難しくなさすぎます,難しくなさすぎました
easy (task),易しい,易しかった,易しい,,易しくて,易しすぎる,易しすぎた
,易しくない,易しくなかった,易しくない,,易しくなくて,易しくなさすぎる,易しくなさすぎた
,易しいです,易しかったです,,,,易しすぎます,易しすぎました
,"易しくないです
易しくはありません","易しくなかったです
易しくはありませんでした",,,,易しくなさすぎます,易しくなさすぎました
fun,楽しい,楽しかった,楽しい,,楽しくて,楽しすぎる,楽しすぎた
,楽しくない,楽しくなかった,楽しくない,,楽しくなくて,楽しくなさすぎる,楽しくなさすぎた
,楽しいです,楽しかったです,,,,楽しすぎます,楽しすぎました
,"楽しくないです
楽しくはありません","楽しくなかったです
楽しくはありませんでした",,,,楽しくなさすぎます,楽しくなさすぎました
boring,つまらない,つまらなかった,つまらない,,つまらなくて,つまらなすぎる,つまらなすぎた
,つまらなくない,つまらなくなかった,つまらなくない,,つまらなくなくて,つまらなくなさすぎる,つまらなくなさすぎた
,つまらないです,つまらなかったです,,,,つまらなすぎます,つまらなすぎました
,"つまらなくないです
つまらなくはありません","つまらなくなかったです
つまらなくはありませんでした",,,,つまらなくなさすぎます,つまらなくなさすぎました
glad/happy,嬉しい,嬉しかった,嬉しい,,嬉しくて,嬉しすぎる,嬉しすぎた
,嬉しくない,嬉しくなかった,嬉しくない,,嬉しくなくて,嬉しくなさすぎる,嬉しくなさすぎた
,嬉しいです,嬉しかったです,,,,嬉しすぎます,嬉しすぎました
,"嬉しくないです
嬉しくはありません","嬉しくなかったです
嬉しくはありませんでした",,,,嬉しくなさすぎます,嬉しくなさすぎました
sad,悲しい,悲しかった,悲しい,,悲しくて,悲しすぎる,悲しすぎた
,悲しくない,悲しくなかった,悲しくない,,悲しくなくて,悲しくなさすぎる,悲しくなさすぎた
,悲しいです,悲しかったです,,,,悲しすぎます,悲しすぎました
,"悲しくないです
悲しくはありません","悲しくなかったです
悲しくはありませんでした",,,,悲しくなさすぎます,悲しくなさすぎました
lonely,寂しい,寂しかった,寂しい,,寂しくて,寂しすぎる,寂しすぎた
,寂しくない,寂しくなかった,寂しくない,,寂しくなくて,寂しくなさすぎる,寂しくなさすぎた
,寂しいです,寂しかったです,,,,寂しすぎます,寂しすぎました
,"寂しくないです
寂しくはありません","寂しくなかったです
寂しくはありませんでした",,,,寂しくなさすぎます,寂しくなさすぎました
scary,怖い,怖かった,怖い,,怖くて,怖すぎる,怖すぎた
,怖くない,怖くなかった,怖くない,,怖くなくて,怖くなさすぎる,怖くなさすぎた
,怖いです,怖かったです,,,,怖すぎます,怖すぎました
,"怖くないです
怖くはありません","怖くなかったです
怖くはありませんでした",,,,怖くなさすぎます,怖くなさすぎました
painful,痛い,痛かった,痛い,,痛くて,痛すぎる,痛すぎた
,痛くない,痛くなかった,痛くない,,痛くなくて,痛くなさすぎる,痛くなさすぎた
,痛いです,痛かったです,,,,痛すぎます,痛すぎました
,"痛くないです
痛くはありません","痛くなかったです
痛くはありませんでした",,,,痛くなさすぎます,痛くなさすぎました
sleepy,眠い,眠かった,眠い,,眠くて,眠すぎる,眠すぎた
,眠くない,眠くなかった,眠くない,,眠くなくて,眠くなさすぎる,眠くなさすぎた
,眠いです,眠かったです,,,,眠すぎます,眠すぎました
,"眠くないです
眠くはありません","眠くなかったです
眠くはありませんでした",,,,眠くなさすぎます,眠くなさすぎました
embarrassed,恥ずかしい,恥ずかしかった,恥ずかしい,,恥ずかしくて,恥ずかしすぎる,恥ずかしすぎた
,恥ずかしくない,恥ずかしくなかった,恥ずかしくない,,恥ずかしくなくて,恥ずかしくなさすぎる,恥ずかしくなさすぎた
,恥ずかしいです,恥ずかしかったです,,,,恥ずかしすぎます,恥ずかしすぎました
,"恥ずかしくないです
恥ずかしくはありません","恥ずかしくなかったです
恥ずかしくはありませんでした",,,,恥ずかしくなさすぎます,恥ずかしくなさすぎました
proud,誇らしい,誇らしかった,誇らしい,,誇らしくて,誇らしすぎる,誇らしすぎた
,誇らしくない,誇らしくなかった,誇らしくない,,誇らしくなくて,誇らしくなさすぎる,誇らしくなさすぎた
,誇らしいです,誇らしかったです,,,,誇らしすぎます,誇らしすぎました
,"誇らしくないです
誇らしくはありません","誇らしくなかったです
誇らしくはありませんでした",,,,誇らしくなさすぎます,誇らしくなさすぎました
jealous,羨ましい,羨ましかった,羨ましい,,羨ましくて,羨ましすぎる,羨ましすぎた
,羨ましくない,羨ましくなかった,羨ましくない,,羨ましくなくて,羨ましくなさすぎる,羨ましくなさすぎた
,羨ましいです,羨ましかったです,,,,羨ましすぎます,羨ましすぎました
,"羨ましくないです
羨ましくはありません","羨ましくなかったです
羨ましくはありませんでした",,,,羨ましくなさすぎます,羨ましくなさすぎました
grateful,ありがたい,ありがたかった,ありがたい,,ありがたくて,ありがたすぎる,ありがたすぎた
,ありがたくない,ありがたくなかった,ありがたくない,,ありがたくなくて,ありがたくなさすぎる,ありがたくなさすぎた
,ありがたいです,ありがたかったです,,,,ありがたすぎます,ありがたすぎました
,"ありがたくないです
ありがたくはありません","ありがたくなかったです
ありがたくはありませんでした",,,,ありがたくなさすぎます,ありがたくなさすぎました
surprised,驚いた,驚いただった,驚いたな,,驚いたで,驚いたすぎる,驚いたすぎた
,驚いたではない,驚いたではなかった,驚いたではない,,驚いたではなくて,驚いたでなさすぎる,驚いたでなさすぎた
,驚いたです,驚いたでした,,,,驚いたすぎます,驚いたすぎました
,"驚いたではないです
驚いたではありません","驚いたではなかったです
驚いたではありませんでした",,,,驚いたでなさすぎます,驚いたでなさすぎました
amazing/great,すごい,すごかった,すごい,,すごくて,すごすぎる,すごすぎた
,すごくない,すごくなかった,すごくない,,すごくなくて,すごくなさすぎる,すごくなさすぎた
,すごいです,すごかったです,,,,すごすぎます,すごすぎました
,"すごくないです
すごくはありません","すごくなかったです
すごくはありませんでした",,,,すごくなさすぎます,すごくなさすぎました
terrible,ひどい,ひどかった,ひどい,,ひどくて,ひどすぎる,ひどすぎた
,ひどくない,ひどくなかった,ひどくない,,ひどくなくて,ひどくなさすぎる,ひどくなさすぎた
,ひどいです,ひどかったです,,,,ひどすぎます,ひどすぎました
,"ひどくないです
ひどくはありません","ひどくなかったです
ひどくはありませんでした",,,,ひどくなさすぎます,ひどくなさすぎました
comfortable (feeling),心地よい,心地よかった,心地よい,,心地よくて,心地よすぎる,心地よすぎた
,心地よくない,心地よくなかった,心地よくない,,心地よくなくて,心地よくなさすぎる,心地よくなさすぎた
,心地よいです,心地よかったです,,,,心地よすぎます,心地よすぎました
,"心地よくないです
心地よくはありません","心地よくなかったです
心地よくはありませんでした",,,,心地よくなさすぎます,心地よくなさすぎました
noisy,うるさい,うるさかった,うるさい,,うるさくて,うるさすぎる,うるさすぎた
,うるさくない,うるさくなかった,うるさくない,,うるさくなくて,うるさくなさすぎる,うるさくなさすぎた
,うるさいです,うるさかったです,,,,うるさすぎます,うるさすぎました
,"うるさくないです
うるさくはありません","うるさくなかったです
うるさくはありませんでした",,,,うるさくなさすぎます,うるさくなさすぎました
quiet (place),静か,静かだった,静かな,,静かで,静かすぎる,静かすぎた
,静かではない,静かではなかった,静かではない,,静かではなくて,静かでなさすぎる,静かでなさすぎた
,静かです,静かでした,,,,静かすぎます,静かすぎました
,"静かではないです
静かではありません","静かではなかったです
静かではありませんでした",,,,静かでなさすぎます,静かでなさすぎました
warm (feeling),温かい,温かかった,温かい,,温かくて,温かすぎる,温かすぎた
,温かくない,温かくなかった,温かくない,,温かくなくて,温かくなさすぎる,温かくなさすぎた
,温かいです,温かかったです,,,,温かすぎます,温かすぎました
,"温かくないです
温かくはありません","温かくなかったです
温かくはありませんでした",,,,温かくなさすぎます,温かくなさすぎました
cool (person),かっこいい,かっこよかった,かっこいい,,かっこよくて,かっこよすぎる,かっこよすぎた
,かっこよくない,かっこよくなかった,かっこよくない,,かっこよくなくて,かっこよくなさすぎる,かっこよくなさすぎた
,かっこいいです,かっこよかったです,,,,かっこよすぎます,かっこよすぎました
,"かっこよくないです
かっこよくはありません","かっこよくなかったです
かっこよくはありませんでした",,,,かっこよくなさすぎます,かっこよくなさすぎました
far,遠い,遠かった,遠い,,遠くて,遠すぎる,遠すぎた
,遠くない,遠くなかった,遠くない,,遠くなくて,遠くなさすぎる,遠くなさすぎた
,遠いです,遠かったです,,,,遠すぎます,遠すぎました
,"遠くないです
遠くはありません","遠くなかったです
遠くはありませんでした",,,,遠くなさすぎます,遠くなさすぎました
near,近い,近かった,近い,,近くて,近すぎる,近すぎた
,近くない,近くなかった,近くない,,近くなくて,近くなさすぎる,近くなさすぎた
,近いです,近かったです,,,,近すぎます,近すぎました
,"近くないです
近くはありません","近くなかったです
近くはありませんでした",,,,近くなさすぎます,近くなさすぎました
deep,深い,深かった,深い,,深くて,深すぎる,深すぎた
,深くない,深くなかった,深くない,,深くなくて,深くなさすぎる,深くなさすぎた
,深いです,深かったです,,,,深すぎます,深すぎました
,"深くないです
深くはありません","深くなかったです
深くはありませんでした",,,,深くなさすぎます,深くなさすぎました
shallow,浅い,浅かった,浅い,,浅くて,浅すぎる,浅すぎた
,浅くない,浅くなかった,浅くない,,浅くなくて,浅くなさすぎる,浅くなさすぎた
,浅いです,浅かったです,,,,浅すぎます,浅すぎました
,"浅くないです
浅くはありません","浅くなかったです
浅くはありませんでした",,,,浅くなさすぎます,浅くなさすぎました
soft,柔らかい,柔らかかった,柔らかい,,柔らかくて,柔らかすぎる,柔らかすぎた
,柔らかくない,柔らかくなかった,柔らかくない,,柔らかくなくて,柔らかくなさすぎる,柔らかくなさすぎた
,柔らかいです,柔らかかったです,,,,柔らかすぎます,柔らかすぎました
,"柔らかくないです
柔らかくはありません","柔らかくなかったです
柔らかくはありませんでした",,,,柔らかくなさすぎます,柔らかくなさすぎました
hard,硬い,硬かった,硬い,,硬くて,硬すぎる,硬すぎた
,硬くない,硬くなかった,硬くない,,硬くなくて,硬くなさすぎる,硬くなさすぎた
,硬いです,硬かったです,,,,硬すぎます,硬すぎました
,"硬くないです
硬くはありません","硬くなかったです
硬くはありませんでした",,,,硬くなさすぎます,硬くなさすぎました
rough,荒い,荒かった,荒い,,荒くて,荒すぎる,荒すぎた
,荒くない,荒くなかった,荒くない,,荒くなくて,荒くなさすぎる,荒くなさすぎた
,荒いです,荒かったです,,,,荒すぎます,荒すぎました
,"荒くないです
荒くはありません","荒くなかったです
荒くはありませんでした",,,,荒くなさすぎます,荒くなさすぎました
smooth,滑らか,滑らかだった,滑らかな,,滑らかで,滑らかすぎる,滑らかすぎた
,滑らかではない,滑らかではなかった,滑らかではない,,滑らかではなくて,滑らかでなさすぎる,滑らかでなさすぎた
,滑らかです,滑らかでした,,,,滑らかすぎます,滑らかすぎました
,"滑らかではないです
滑らかではありません","滑らかではなかったです
滑らかではありませんでした",,,,滑らかでなさすぎます,滑らかでなさすぎました
humid,蒸し暑い,蒸し暑かった,蒸し暑い,,蒸し暑くて,蒸し暑すぎる,蒸し暑すぎた
,蒸し暑くない,蒸し暑くなかった,蒸し暑くない,,蒸し暑くなくて,蒸し暑くなさすぎる,蒸し暑くなさすぎた
,蒸し暑いです,蒸し暑かったです,,,,蒸し暑すぎます,蒸し暑すぎました
,"蒸し暑くないです
蒸し暑くはありません","蒸し暑くなかったです
蒸し暑くはありませんでした",,,,蒸し暑くなさすぎます,蒸し暑くなさすぎました
dry,乾いた,乾いただった,乾いたな,,乾いたで,乾いたすぎる,乾いたすぎた
,乾いたではない,乾いたではなかった,乾いたではない,,乾いたではなくて,乾いたでなさすぎる,乾いたでなさすぎた
,乾いたです,乾いたでした,,,,乾いたすぎます,乾いたすぎました
,"乾いたではないです
乾いたではありません","乾いたではなかったです
乾いたではありませんでした",,,,乾いたでなさすぎます,乾いたでなさすぎました
healthy/energetic,元気,元気だった,元気な,,元気で,元気すぎる,元気すぎた
,元気ではない,元気ではなかった,元気ではない,,元気ではなくて,元気でなさすぎる,元気でなさすぎた
,元気です,元気でした,,,,元気すぎます,元気すぎました
,"元気ではないです
元気ではありません","元気ではなかったです
元気ではありませんでした",,,,元気でなさすぎます,元気でなさすぎました
safe,安全,安全だった,安全な,,安全で,安全すぎる,安全すぎた
,安全ではない,安全ではなかった,安全ではない,,安全ではなくて,安全でなさすぎる,安全でなさすぎた
,安全です,安全でした,,,,安全すぎます,安全すぎました
,"安全ではないです
安全ではありません","安全ではなかったです
安全ではありませんでした",,,,安全でなさすぎます,安全でなさすぎました
dangerous,危険,危険だった,危険な,,危険で,危険すぎる,危険すぎた
,危険ではない,危険ではなかった,危険ではない,,危険ではなくて,危険でなさすぎる,危険でなさすぎた
,危険です,危険でした,,,,危険すぎます,危険すぎました
,"危険ではないです
危険ではありません","危険ではなかったです
危険ではありませんでした",,,,危険でなさすぎます,危険でなさすぎました
simple,簡単,簡単だった,簡単な,,簡単で,簡単すぎる,簡単すぎた
,簡単ではない,簡単ではなかった,簡単ではない,,簡単ではなくて,簡単でなさすぎる,簡単でなさすぎた
,簡単です,簡単でした,,,,簡単すぎます,簡単すぎました
,"簡単ではないです
簡単ではありません","簡単ではなかったです
簡単ではありませんでした",,,,簡単でなさすぎます,簡単でなさすぎました
complicated,複雑,複雑だった,複雑な,,複雑で,複雑すぎる,複雑すぎた
,複雑ではない,複雑ではなかった,複雑ではない,,複雑ではなくて,複雑でなさすぎる,複雑でなさすぎた
,複雑です,複雑でした,,,,複雑すぎます,複雑すぎました
,"複雑ではないです
複雑ではありません","複雑ではなかったです
複雑ではありませんでした",,,,複雑でなさすぎます,複雑でなさすぎました
comfortable,快適,快適だった,快適な,,快適で,快適すぎる,快適すぎた
,快適ではない,快適ではなかった,快適ではない,,快適ではなくて,快適でなさすぎる,快適でなさすぎた
,快適です,快適でした,,,,快適すぎます,快適すぎました
,"快適ではないです
快適ではありません","快適ではなかったです
快適ではありませんでした",,,,快適でなさすぎます,快適でなさすぎました
uncomfortable,不快,不快だった,不快な,,不快で,不快すぎる,不快すぎた
,不快ではない,不快ではなかった,不快ではない,,不快ではなくて,不快でなさすぎる,不快でなさすぎた
,不快です,不快でした,,,,不快すぎます,不快すぎました
,"不快ではないです
不快ではありません","不快ではなかったです
不快ではありませんでした",,,,不快でなさすぎます,不快でなさすぎました
free (time),暇,暇だった,暇な,,暇で,暇すぎる,暇すぎた
,暇ではない,暇ではなかった,暇ではない,,暇ではなくて,暇でなさすぎる,暇でなさすぎた
,暇です,暇でした,,,,暇すぎます,暇すぎました
,"暇ではないです
暇ではありません","暇ではなかったです
暇ではありませんでした",,,,暇でなさすぎます,暇でなさすぎました
important,重要,重要だった,重要な,,重要で,重要すぎる,重要すぎた
,重要ではない,重要ではなかった,重要ではない,,重要ではなくて,重要でなさすぎる,重要でなさすぎた
,重要です,重要でした,,,,重要すぎます,重要すぎました
,"重要ではないです
重要ではありません","重要ではなかったです
重要ではありませんでした",,,,重要でなさすぎます,重要でなさすぎました
unimportant,重要でない,重要でないだった,重要でないな,,重要でないで,重要でないすぎる,重要でないすぎた
,重要でないではない,重要でないではなかった,重要でないではない,,重要でないではなくて,重要でないでなさすぎる,重要でないでなさすぎた
,重要でないです,重要でないでした,,,,重要でないすぎます,重要でないすぎました
,"重要でないではないです
重要でないではありません","重要でないではなかったです
重要でないではありませんでした",,,,重要でないでなさすぎます,重要でないでなさすぎました
rich,裕福,裕福だった,裕福な,,裕福で,裕福すぎる,裕福すぎた
,裕福ではない,裕福ではなかった,裕福ではない,,裕福ではなくて,裕福でなさすぎる,裕福でなさすぎた
,裕福です,裕福でした,,,,裕福すぎます,裕福すぎました
,"裕福ではないです
裕福ではありません","裕福ではなかったです
裕福ではありませんでした",,,,裕福でなさすぎます,裕福でなさすぎました
poor,貧乏,貧乏だった,貧乏な,,貧乏で,貧乏すぎる,貧乏すぎた
,貧乏ではない,貧乏ではなかった,貧乏ではない,,貧乏ではなくて,貧乏でなさすぎる,貧乏でなさすぎた
,貧乏です,貧乏でした,,,,貧乏すぎます,貧乏すぎました
,"貧乏ではないです
貧乏ではありません","貧乏ではなかったです
貧乏ではありませんでした",,,,貧乏でなさすぎます,貧乏でなさすぎました
famous,有名,有名だった,有名な,,有名で,有名すぎる,有名すぎた
,有名ではない,有名ではなかった,有名ではない,,有名ではなくて,有名でなさすぎる,有名でなさすぎた
,有名です,有名でした,,,,有名すぎます,有名すぎました
,"有名ではないです
有名ではありません","有名ではなかったです
有名ではありませんでした",,,,有名でなさすぎます,有名でなさすぎました
special,特別,特別だった,特別な,,特別で,特別すぎる,特別すぎた
,特別ではない,特別ではなかった,特別ではない,,特別ではなくて,特別でなさすぎる,特別でなさすぎた
,特別です,特別でした,,,,特別すぎます,特別すぎました
,"特別ではないです
特別ではありません","特別ではなかったです
特別ではありませんでした",,,,特別でなさすぎます,特別でなさすぎました
general/common,一般的,一般的だった,一般的な,,一般的で,一般的すぎる,一般的すぎた
,一般的ではない,一般的ではなかった,一般的ではない,,一般的ではなくて,一般的でなさすぎる,一般的でなさすぎた
,一般的です,一般的でした,,,,一般的すぎます,一般的すぎました
,"一般的ではないです
一般的ではありません","一般的ではなかったです
一般的ではありませんでした",,,,一般的でなさすぎます,一般的でなさすぎました
necessary,必要,必要だった,必要な,,必要で,必要すぎる,必要すぎた
,必要ではない,必要ではなかった,必要ではない,,必要ではなくて,必要でなさすぎる,必要でなさすぎた
,必要です,必要でした,,,,必要すぎます,必要すぎました
,"必要ではないです
必要ではありません","必要ではなかったです
必要ではありませんでした",,,,必要でなさすぎます,必要でなさすぎました
unnecessary,不要,不要だった,不要な,,不要で,不要すぎる,不要すぎた
,不要ではない,不要ではなかった,不要ではない,,不要ではなくて,不要でなさすぎる,不要でなさすぎた
,不要です,不要でした,,,,不要すぎます,不要すぎました
,"不要ではないです
不要ではありません","不要ではなかったです
不要ではありませんでした",,,,不要でなさすぎます,不要でなさすぎました
convenient,便利,便利だった,便利な,,便利で,便利すぎる,便利すぎた
,便利ではない,便利ではなかった,便利ではない,,便利ではなくて,便利でなさすぎる,便利でなさすぎた
,便利です,便利でした,,,,便利すぎます,便利すぎました
,"便利ではないです
便利ではありません","便利ではなかったです
便利ではありませんでした",,,,便利でなさすぎます,便利でなさすぎました
inconvenient,不便,不便だった,不便な,,不便で,不便すぎる,不便すぎた
,不便ではない,不便ではなかった,不便ではない,,不便ではなくて,不便でなさすぎる,不便でなさすぎた
,不便です,不便でした,,,,不便すぎます,不便すぎました
,"不便ではないです
不便ではありません","不便ではなかったです
不便ではありませんでした",,,,不便でなさすぎます,不便でなさすぎました
possible,可能,可能だった,可能な,,可能で,可能すぎる,可能すぎた
,可能ではない,可能ではなかった,可能ではない,,可能ではなくて,可能でなさすぎる,可能でなさすぎた
,可能です,可能でした,,,,可能すぎます,可能すぎました
,"可能ではないです
可能ではありません","可能ではなかったです
可能ではありませんでした",,,,可能でなさすぎます,可能でなさすぎました
impossible,不可能,不可能だった,不可能な,,不可能で,不可能すぎる,不可能すぎた
,不可能ではない,不可能ではなかった,不可能ではない,,不可能ではなくて,不可能でなさすぎる,不可能でなさすぎた
,不可能です,不可能でした,,,,不可能すぎます,不可能すぎました
,"不可能ではないです
不可能ではありません","不可能ではなかったです
不可能ではありませんでした",,,,不可能でなさすぎます,不可能でなさすぎました
useful,有用,有用だった,有用な,,有用で,有用すぎる,有用すぎた
,有用ではない,有用ではなかった,有用ではない,,有用ではなくて,有用でなさすぎる,有用でなさすぎた
,有用です,有用でした,,,,有用すぎます,有用すぎました
,"有用ではないです
有用ではありません","有用ではなかったです
有用ではありませんでした",,,,有用でなさすぎます,有用でなさすぎました
useless,無駄,無駄だった,無駄な,,無駄で,無駄すぎる,無駄すぎた
,無駄ではない,無駄ではなかった,無駄ではない,,無駄ではなくて,無駄でなさすぎる,無駄でなさすぎた
,無駄です,無駄でした,,,,無駄すぎます,無駄すぎました
,"無駄ではないです
無駄ではありません","無駄ではなかったです
無駄ではありませんでした",,,,無駄でなさすぎます,無駄でなさすぎました
fine/okay,大丈夫,大丈夫だった,大丈夫な,,大丈夫で,大丈夫すぎる,大丈夫すぎた
,大丈夫ではない,大丈夫ではなかった,大丈夫ではない,,大丈夫ではなくて,大丈夫でなさすぎる,大丈夫でなさすぎた
,大丈夫です,大丈夫でした,,,,大丈夫すぎます,大丈夫すぎました
,"大丈夫ではないです
大丈夫ではありません","大丈夫ではなかったです
大丈夫ではありませんでした",,,,大丈夫でなさすぎます,大丈夫でなさすぎました
impatient,せっかち,せっかちだった,せっかちな,,せっかちで,せっかちすぎる,せっかちすぎた
,せっかちではない,せっかちではなかった,せっかちではない,,せっかちではなくて,せっかちでなさすぎる,せっかちでなさすぎた
,せっかちです,せっかちでした,,,,せっかちすぎます,せっかちすぎました
,"せっかちではないです
せっかちではありません","せっかちではなかったです
せっかちではありませんでした",,,,せっかちでなさすぎます,せっかちでなさすぎました
calm,穏やか,穏やかだった,穏やかな,,穏やかで,穏やかすぎる,穏やかすぎた
,穏やかではない,穏やかではなかった,穏やかではない,,穏やかではなくて,穏やかでなさすぎる,穏やかでなさすぎた
,穏やかです,穏やかでした,,,,穏やかすぎます,穏やかすぎました
,"穏やかではないです
穏やかではありません","穏やかではなかったです
穏やかではありませんでした",,,,穏やかでなさすぎます,穏やかでなさすぎました
serious,真面目,真面目だった,真面目な,,真面目で,真面目すぎる,真面目すぎた
,真面目ではない,真面目ではなかった,真面目ではない,,真面目ではなくて,真面目でなさすぎる,真面目でなさすぎた
,真面目です,真面目でした,,,,真面目すぎます,真面目すぎました
,"真面目ではないです
真面目ではありません","真面目ではなかったです
真面目ではありませんでした",,,,真面目でなさすぎます,真面目でなさすぎました
honest,正直,正直だった,正直な,,正直で,正直すぎる,正直すぎた
,正直ではない,正直ではなかった,正直ではない,,正直ではなくて,正直でなさすぎる,正直でなさすぎた
,正直です,正直でした,,,,正直すぎます,正直すぎました
,"正直ではないです
正直ではありません","正直ではなかったです
正直ではありませんでした",,,,正直でなさすぎます,正直でなさすぎました
dishonest,不正直,不正直だった,不正直な,,不正直で,不正直すぎる,不正直すぎた
,不正直ではない,不正直ではなかった,不正直ではない,,不正直ではなくて,不正直でなさすぎる,不正直でなさすぎた
,不正直です,不正直でした,,,,不正直すぎます,不正直すぎました
,"不正直ではないです
不正直ではありません","不正直ではなかったです
不正直ではありませんでした",,,,不正直でなさすぎます,不正直でなさすぎました
kind,親切,親切だった,親切な,,親切で,親切すぎる,親切すぎた
,親切ではない,親切ではなかった,親切ではない,,親切ではなくて,親切でなさすぎる,親切でなさすぎた
,親切です,親切でした,,,,親切すぎます,親切すぎました
,"親切ではないです
親切ではありません","親切ではなかったです
親切ではありませんでした",,,,親切でなさすぎます,親切でなさすぎました
unkind,不親切,不親切だった,不親切な,,不親切で,不親切すぎる,不親切すぎた
,不親切ではない,不親切ではなかった,不親切ではない,,不親切ではなくて,不親切でなさすぎる,不親切でなさすぎた
,不親切です,不親切でした,,,,不親切すぎます,不親切すぎました
,"不親切ではないです
不親切ではありません","不親切ではなかったです
不親切ではありませんでした",,,,不親切でなさすぎます,不親切でなさすぎました
lazy,怠惰,怠惰だった,怠惰な,,怠惰で,怠惰すぎる,怠惰すぎた
,怠惰ではない,怠惰ではなかった,怠惰ではない,,怠惰ではなくて,怠惰でなさすぎる,怠惰でなさすぎた
,怠惰です,怠惰でした,,,,怠惰すぎます,怠惰すぎました
,"怠惰ではないです
怠惰ではありません","怠惰ではなかったです
怠惰ではありませんでした",,,,怠惰でなさすぎます,怠惰でなさすぎました
diligent,勤勉,勤勉だった,勤勉な,,勤勉で,勤勉すぎる,勤勉すぎた
,勤勉ではない,勤勉ではなかった,勤勉ではない,,勤勉ではなくて,勤勉でなさすぎる,勤勉でなさすぎた
,勤勉です,勤勉でした,,,,勤勉すぎます,勤勉すぎました
,"勤勉ではないです
勤勉ではありません","勤勉ではなかったです
勤勉ではありませんでした",,,,勤勉でなさすぎます,勤勉でなさすぎました
polite,丁寧,丁寧だった,丁寧な,,丁寧で,丁寧すぎる,丁寧すぎた
,丁寧ではない,丁寧ではなかった,丁寧ではない,,丁寧ではなくて,丁寧でなさすぎる,丁寧でなさすぎた
,丁寧です,丁寧でした,,,,丁寧すぎます,丁寧すぎました
,"丁寧ではないです
丁寧ではありません","丁寧ではなかったです
丁寧ではありませんでした",,,,丁寧でなさすぎます,丁寧でなさすぎました
rude,失礼,失礼だった,失礼な,,失礼で,失礼すぎる,失礼すぎた
,失礼ではない,失礼ではなかった,失礼ではない,,失礼ではなくて,失礼でなさすぎる,失礼でなさすぎた
,失礼です,失礼でした,,,,失礼すぎます,失礼すぎました
,"失礼ではないです
失礼ではありません","失礼ではなかったです
失礼ではありませんでした",,,,失礼でなさすぎます,失礼でなさすぎました
optimistic,楽観的,楽観的だった,楽観的な,,楽観的で,楽観的すぎる,楽観的すぎた
,楽観的ではない,楽観的ではなかった,楽観的ではない,,楽観的ではなくて,楽観的でなさすぎる,楽観的でなさすぎた
,楽観的です,楽観的でした,,,,楽観的すぎます,楽観的すぎました
,"楽観的ではないです
楽観的ではありません","楽観的ではなかったです
楽観的ではありませんでした",,,,楽観的でなさすぎます,楽観的でなさすぎました
pessimistic,悲観的,悲観的だった,悲観的な,,悲観的で,悲観的すぎる,悲観的すぎた
,悲観的ではない,悲観的ではなかった,悲観的ではない,,悲観的ではなくて,悲観的でなさすぎる,悲観的でなさすぎた
,悲観的です,悲観的でした,,,,悲観的すぎます,悲観的すぎました
,"悲観的ではないです
悲観的ではありません","悲観的ではなかったです
悲観的ではありませんでした",,,,悲観的でなさすぎます,悲観的でなさすぎました
active,活動的,活動的だった,活動的な,,活動的で,活動的すぎる,活動的すぎた
,活動的ではない,活動的ではなかった,活動的ではない,,活動的ではなくて,活動的でなさすぎる,活動的でなさすぎた
,活動的です,活動的でした,,,,活動的すぎます,活動的すぎました
,"活動的ではないです
活動的ではありません","活動的ではなかったです
活動的ではありませんでした",,,,活動的でなさすぎます,活動的でなさすぎました
passive,消極的,消極的だった,消極的な,,消極的で,消極的すぎる,消極的すぎた
,消極的ではない,消極的ではなかった,消極的ではない,,消極的ではなくて,消極的でなさすぎる,消極的でなさすぎた
,消極的です,消極的でした,,,,消極的すぎます,消極的すぎました
,"消極的ではないです
消極的ではありません","消極的ではなかったです
消極的ではありませんでした",,,,消極的でなさすぎます,消極的でなさすぎました
shy,内気,内気だった,内気な,,内気で,内気すぎる,内気すぎた
,内気ではない,内気ではなかった,内気ではない,,内気ではなくて,内気でなさすぎる,内気でなさすぎた
,内気です,内気でした,,,,内気すぎます,内気すぎました
,"内気ではないです
内気ではありません","内気ではなかったです
内気ではありませんでした",,,,内気でなさすぎます,内気でなさすぎました
cheerful,陽気,陽気だった,陽気な,,陽気で,陽気すぎる,陽気すぎた
,陽気ではない,陽気ではなかった,陽気ではない,,陽気ではなくて,陽気でなさすぎる,陽気でなさすぎた
,陽気です,陽気でした,,,,陽気すぎます,陽気すぎました
,"陽気ではないです
陽気ではありません","陽気ではなかったです
陽気ではありませんでした",,,,陽気でなさすぎます,陽気でなさすぎました
quiet (personality),おとなしい,おとなしいだった,おとなしいな,,おとなしいで,おとなしいすぎる,おとなしいすぎた
,おとなしいではない,おとなしいではなかった,おとなしいではない,,おとなしいではなくて,おとなしいでなさすぎる,おとなしいでなさすぎた
,おとなしいです,おとなしいでした,,,,おとなしいすぎます,おとなしいすぎました
,"おとなしいではないです
おとなしいではありません","おとなしいではなかったです
おとなしいではありませんでした",,,,おとなしいでなさすぎます,おとなしいでなさすぎました
clever/smart,賢い,賢かった,賢い,,賢くて,賢すぎる,賢すぎた
,賢くない,賢くなかった,賢くない,,賢くなくて,賢くなさすぎる,賢くなさすぎた
,賢いです,賢かったです,,,,賢すぎます,賢すぎました
,"賢くないです
賢くはありません","賢くなかったです
賢くはありませんでした",,,,賢くなさすぎます,賢くなさすぎました
stupid,愚か,愚かだった,愚かな,,愚かで,愚かすぎる,愚かすぎた
,愚かではない,愚かではなかった,愚かではない,,愚かではなくて,愚かでなさすぎる,愚かでなさすぎた
,愚かです,愚かでした,,,,愚かすぎます,愚かすぎました
,"愚かではないです
愚かではありません","愚かではなかったです
愚かではありませんでした",,,,愚かでなさすぎます,愚かでなさすぎました
strong (body),丈夫,丈夫だった,丈夫な,,丈夫で,丈夫すぎる,丈夫すぎた
,丈夫ではない,丈夫ではなかった,丈夫ではない,,丈夫ではなくて,丈夫でなさすぎる,丈夫でなさすぎた
,丈夫です,丈夫でした,,,,丈夫すぎます,丈夫すぎました
,"丈夫ではないです
丈夫ではありません","丈夫ではなかったです
丈夫ではありませんでした",,,,丈夫でなさすぎます,丈夫でなさすぎました
thick (book),分厚い,分厚かった,分厚い,,分厚くて,分厚すぎる,分厚すぎた
,分厚くない,分厚くなかった,分厚くない,,分厚くなくて,分厚くなさすぎる,分厚くなさすぎた
,分厚いです,分厚かったです,,,,分厚すぎます,分厚すぎました
,"分厚くないです
分厚くはありません","分厚くなかったです
分厚くはありませんでした",,,,分厚くなさすぎます,分厚くなさすぎました
thin (book),薄っぺらい,薄っぺらかった,薄っぺらい,,薄っぺらくて,薄っぺらすぎる,薄っぺらすぎた
,薄っぺらくない,薄っぺらくなかった,薄っぺらくない,,薄っぺらくなくて,薄っぺらくなさすぎる,薄っぺらくなさすぎた
,薄っぺらいです,薄っぺらかったです,,,,薄っぺらすぎます,薄っぺらすぎました
,"薄っぺらくないです
薄っぺらくはありません","薄っぺらくなかったです
薄っぺらくはありませんでした",,,,薄っぺらくなさすぎます,薄っぺらくなさすぎました
red,赤い,赤かった,赤い,,赤くて,赤すぎる,赤すぎた
,赤くない,赤くなかった,赤くない,,赤くなくて,赤くなさすぎる,赤くなさすぎた
,赤いです,赤かったです,,,,赤すぎます,赤すぎました
,"赤くないです
赤くはありません","赤くなかったです
赤くはありませんでした",,,,赤くなさすぎます,赤くなさすぎました
blue,青い,青かった,青い,,青くて,青すぎる,青すぎた
,青くない,青くなかった,青くない,,青くなくて,青くなさすぎる,青くなさすぎた
,青いです,青かったです,,,,青すぎます,青すぎました
,"青くないです
青くはありません","青くなかったです
青くはありませんでした",,,,青くなさすぎます,青くなさすぎました
white,白い,白かった,白い,,白くて,白すぎる,白すぎた
,白くない,白くなかった,白くない,,白くなくて,白くなさすぎる,白くなさすぎた
,白いです,白かったです,,,,白すぎます,白すぎました
,"白くないです
白くはありません","白くなかったです
白くはありませんでした",,,,白くなさすぎます,白くなさすぎました
black,黒い,黒かった,黒い,,黒くて,黒すぎる,黒すぎた
,黒くない,黒くなかった,黒くない,,黒くなくて,黒くなさすぎる,黒くなさすぎた
,黒いです,黒かったです,,,,黒すぎます,黒すぎました
,"黒くないです
黒くはありません","黒くなかったです
黒くはありませんでした",,,,黒くなさすぎます,黒くなさすぎました
brown,茶色い,茶色かった,茶色い,,茶色くて,茶色すぎる,茶色すぎた
,茶色くない,茶色くなかった,茶色くない,,茶色くなくて,茶色くなさすぎる,茶色くなさすぎた
,茶色いです,茶色かったです,,,,茶色すぎます,茶色すぎました
,"茶色くないです
茶色くはありません","茶色くなかったです
茶色くはありませんでした",,,,茶色くなさすぎます,茶色くなさすぎました
yellow,黄色い,黄色かった,黄色い,,黄色くて,黄色すぎる,黄色すぎた
,黄色くない,黄色くなかった,黄色くない,,黄色くなくて,黄色くなさすぎる,黄色くなさすぎた
,黄色いです,黄色かったです,,,,黄色すぎます,黄色すぎました
,"黄色くないです
黄色くはありません","黄色くなかったです
黄色くはありませんでした",,,,黄色くなさすぎます,黄色くなさすぎました
green,緑色,緑色だった,緑色な,,緑色で,緑色すぎる,緑色すぎた
,緑色ではない,緑色ではなかった,緑色ではない,,緑色ではなくて,緑色でなさすぎる,緑色でなさすぎた
,緑色です,緑色でした,,,,緑色すぎます,緑色すぎました
,"緑色ではないです
緑色ではありません","緑色ではなかったです
緑色ではありませんでした",,,,緑色でなさすぎます,緑色でなさすぎました
pink,ピンク,ピンクだった,ピンクな,,ピンクで,ピンクすぎる,ピンクすぎた
,ピンクではない,ピンクではなかった,ピンクではない,,ピンクではなくて,ピンクでなさすぎる,ピンクでなさすぎた
,ピンクです,ピンクでした,,,,ピンクすぎます,ピンクすぎました
,"ピンクではないです
ピンクではありません","ピンクではなかったです
ピンクではありませんでした",,,,ピンクでなさすぎます,ピンクでなさすぎました
purple,紫色,紫色だった,紫色な,,紫色で,紫色すぎる,紫色すぎた
,紫色ではない,紫色ではなかった,紫色ではない,,紫色ではなくて,紫色でなさすぎる,紫色でなさすぎた
,紫色です,紫色でした,,,,紫色すぎます,紫色すぎました
,"紫色ではないです
紫色ではありません","紫色ではなかったです
紫色ではありませんでした",,,,紫色でなさすぎます,紫色でなさすぎました
gray,灰色,灰色だった,灰色な,,灰色で,灰色すぎる,灰色すぎた
,灰色ではない,灰色ではなかった,灰色ではない,,灰色ではなくて,灰色でなさすぎる,灰色でなさすぎた
,灰色です,灰色でした,,,,灰色すぎます,灰色すぎました
,"灰色ではないです
灰色ではありません","灰色ではなかったです
灰色ではありませんでした",,,,灰色でなさすぎます,灰色でなさすぎました
modern,現代的,現代的だった,現代的な,,現代的で,現代的すぎる,現代的すぎた
,現代的ではない,現代的ではなかった,現代的ではない,,現代的ではなくて,現代的でなさすぎる,現代的でなさすぎた
,現代的です,現代的でした,,,,現代的すぎます,現代的すぎました
,"現代的ではないです
現代的ではありません","現代的ではなかったです
現代的ではありませんでした",,,,現代的でなさすぎます,現代的でなさすぎました
traditional,伝統的,伝統的だった,伝統的な,,伝統的で,伝統的すぎる,伝統的すぎた
,伝統的ではない,伝統的ではなかった,伝統的ではない,,伝統的ではなくて,伝統的でなさすぎる,伝統的でなさすぎた
,伝統的です,伝統的でした,,,,伝統的すぎます,伝統的すぎました
,"伝統的ではないです
伝統的ではありません","伝統的ではなかったです
伝統的ではありませんでした",,,,伝統的でなさすぎます,伝統的でなさすぎました
international,国際的,国際的だった,国際的な,,国際的で,国際的すぎる,国際的すぎた
,国際的ではない,国際的ではなかった,国際的ではない,,国際的ではなくて,国際的でなさすぎる,国際的でなさすぎた
,国際的です,国際的でした,,,,国際的すぎます,国際的すぎました
,"国際的ではないです
国際的ではありません","国際的ではなかったです
国際的ではありませんでした",,,,国際的でなさすぎます,国際的でなさすぎました
domestic,国内的,国内的だった,国内的な,,国内的で,国内的すぎる,国内的すぎた
,国内的ではない,国内的ではなかった,国内的ではない,,国内的ではなくて,国内的でなさすぎる,国内的でなさすぎた
,国内的です,国内的でした,,,,国内的すぎます,国内的すぎました
,"国内的ではないです
国内的ではありません","国内的ではなかったです
国内的ではありませんでした",,,,国内的でなさすぎます,国内的でなさすぎました
powerful,強力,強力だった,強力な,,強力で,強力すぎる,強力すぎた
,強力ではない,強力ではなかった,強力ではない,,強力ではなくて,強力でなさすぎる,強力でなさすぎた
,強力です,強力でした,,,,強力すぎます,強力すぎました
,"強力ではないです
強力ではありません","強力ではなかったです
強力ではありませんでした",,,,強力でなさすぎます,強力でなさすぎました
weak (power),弱々しい,弱々しかった,弱々しい,,弱々しくて,弱々しすぎる,弱々しすぎた
,弱々しくない,弱々しくなかった,弱々しくない,,弱々しくなくて,弱々しくなさすぎる,弱々しくなさすぎた
,弱々しいです,弱々しかったです,,,,弱々しすぎます,弱々しすぎました
,"弱々しくないです
弱々しくはありません","弱々しくなかったです
弱々しくはありませんでした",,,,弱々しくなさすぎます,弱々しくなさすぎました
helpful,有益,有益だった,有益な,,有益で,有益すぎる,有益すぎた
,有益ではない,有益ではなかった,有益ではない,,有益ではなくて,有益でなさすぎる,有益でなさすぎた
,有益です,有益でした,,,,有益すぎます,有益すぎました
,"有益ではないです
有益ではありません","有益ではなかったです
有益ではありませんでした",,,,有益でなさすぎます,有益でなさすぎました
famous/popular,人気,人気だった,人気な,,人気で,人気すぎる,人気すぎた
,人気ではない,人気ではなかった,人気ではない,,人気ではなくて,人気でなさすぎる,人気でなさすぎた
,人気です,人気でした,,,,人気すぎます,人気すぎました
,"人気ではないです
人気ではありません","人気ではなかったです
人気ではありませんでした",,,,人気でなさすぎます,人気でなさすぎました
quiet (town),静か,静かだった,静かな,,静かで,静かすぎる,静かすぎた
,静かではない,静かではなかった,静かではない,,静かではなくて,静かでなさすぎる,静かでなさすぎた
,静かです,静かでした,,,,静かすぎます,静かすぎました
,"静かではないです
静かではありません","静かではなかったです
静かではありませんでした",,,,静かでなさすぎます,静かでなさすぎました
busy (lively),賑やか,賑やかだった,賑やかな,,賑やかで,賑やかすぎる,賑やかすぎた
,賑やかではない,賑やかではなかった,賑やかではない,,賑やかではなくて,賑やかでなさすぎる,賑やかでなさすぎた
,賑やかです,賑やかでした,,,,賑やかすぎます,賑やかすぎました
,"賑やかではないです
賑やかではありません","賑やかではなかったです
賑やかではありませんでした",,,,賑やかでなさすぎます,賑やかでなさすぎました
crowded,混雑した,混雑しただった,混雑したな,,混雑したで,混雑したすぎる,混雑したすぎた
,混雑したではない,混雑したではなかった,混雑したではない,,混雑したではなくて,混雑したでなさすぎる,混雑したでなさすぎた
,混雑したです,混雑したでした,,,,混雑したすぎます,混雑したすぎました
,"混雑したではないです
混雑したではありません","混雑したではなかったです
混雑したではありませんでした",,,,混雑したでなさすぎます,混雑したでなさすぎました
empty,空っぽ,空っぽだった,空っぽな,,空っぽで,空っぽすぎる,空っぽすぎた
,空っぽではない,空っぽではなかった,空っぽではない,,空っぽではなくて,空っぽでなさすぎる,空っぽでなさすぎた
,空っぽです,空っぽでした,,,,空っぽすぎます,空っぽすぎました
,"空っぽではないです
空っぽではありません","空っぽではなかったです
空っぽではありませんでした",,,,空っぽでなさすぎます,空っぽでなさすぎました
messy,散らかった,散らかっただった,散らかったな,,散らかったで,散らかったすぎる,散らかったすぎた
,散らかったではない,散らかったではなかった,散らかったではない,,散らかったではなくて,散らかったでなさすぎる,散らかったでなさすぎた
,散らかったです,散らかったでした,,,,散らかったすぎます,散らかったすぎました
,"散らかったではないです
散らかったではありません","散らかったではなかったです
散らかったではありませんでした",,,,散らかったでなさすぎます,散らかったでなさすぎました
neat/tidy,きちんとした,きちんとしただった,きちんとしたな,,きちんとしたで,きちんとしたすぎる,きちんとしたすぎた
,きちんとしたではない,きちんとしたではなかった,きちんとしたではない,,きちんとしたではなくて,きちんとしたでなさすぎる,きちんとしたでなさすぎた
,きちんとしたです,きちんとしたでした,,,,きちんとしたすぎます,きちんとしたすぎました
,"きちんとしたではないです
きちんとしたではありません","きちんとしたではなかったです
きちんとしたではありませんでした",,,,きちんとしたでなさすぎます,きちんとしたでなさすぎました
fresh (food),新鮮,新鮮だった,新鮮な,,新鮮で,新鮮すぎる,新鮮すぎた
,新鮮ではない,新鮮ではなかった,新鮮ではない,,新鮮ではなくて,新鮮でなさすぎる,新鮮でなさすぎた
,新鮮です,新鮮でした,,,,新鮮すぎます,新鮮すぎました
,"新鮮ではないです
新鮮ではありません","新鮮ではなかったです
新鮮ではありませんでした",,,,新鮮でなさすぎます,新鮮でなさすぎました
old/stale,古臭い,古臭かった,古臭い,,古臭くて,古臭すぎる,古臭すぎた
,古臭くない,古臭くなかった,古臭くない,,古臭くなくて,古臭くなさすぎる,古臭くなさすぎた
,古臭いです,古臭かったです,,,,古臭すぎます,古臭すぎました
,"古臭くないです
古臭くはありません","古臭くなかったです
古臭くはありませんでした",,,,古臭くなさすぎます,古臭くなさすぎました
accurate,正確,正確だった,正確な,,正確で,正確すぎる,正確すぎた
,正確ではない,正確ではなかった,正確ではない,,正確ではなくて,正確でなさすぎる,正確でなさすぎた
,正確です,正確でした,,,,正確すぎます,正確すぎました
,"正確ではないです
正確ではありません","正確ではなかったです
正確ではありませんでした",,,,正確でなさすぎます,正確でなさすぎました
rough (approximate),大雑把,大雑把だった,大雑把な,,大雑把で,大雑把すぎる,大雑把すぎた
,大雑把ではない,大雑把ではなかった,大雑把ではない,,大雑把ではなくて,大雑把でなさすぎる,大雑把でなさすぎた
,大雑把です,大雑把でした,,,,大雑把すぎます,大雑把すぎました
,"大雑把ではないです
大雑把ではありません","大雑把ではなかったです
大雑把ではありませんでした",,,,大雑把でなさすぎます,大雑把でなさすぎました
bright (personality),明るい性格,明るい性格だった,明るい性格な,,明るい性格で,明るい性格すぎる,明るい性格すぎた
,明るい性格ではない,明るい性格ではなかった,明るい性格ではない,,明るい性格ではなくて,明るい性格でなさすぎる,明るい性格でなさすぎた
,明るい性格です,明るい性格でした,,,,明るい性格すぎます,明るい性格すぎました
,"明るい性格ではないです
明るい性格ではありません","明るい性格ではなかったです
明るい性格ではありませんでした",,,,明るい性格でなさすぎます,明るい性格でなさすぎました
serious (face),険しい,険しかった,険しい,,険しくて,険しすぎる,険しすぎた
,険しくない,険しくなかった,険しくない,,険しくなくて,険しくなさすぎる,険しくなさすぎた
,険しいです,険しかったです,,,,険しすぎます,険しすぎました
,"険しくないです
険しくはありません","険しくなかったです
険しくはありませんでした",,,,険しくなさすぎます,険しくなさすぎました
light (color),淡い,淡かった,淡い,,淡くて,淡すぎる,淡すぎた
,淡くない,淡くなかった,淡くない,,淡くなくて,淡くなさすぎる,淡くなさすぎた
,淡いです,淡かったです,,,,淡すぎます,淡すぎました
,"淡くないです
淡くはありません","淡くなかったです
淡くはありませんでした",,,,淡くなさすぎます,淡くなさすぎました
dark (color),濃い,濃かった,濃い,,濃くて,濃すぎる,濃すぎた
,濃くない,濃くなかった,濃くない,,濃くなくて,濃くなさすぎる,濃くなさすぎた
,濃いです,濃かったです,,,,濃すぎます,濃すぎました
,"濃くないです
濃くはありません","濃くなかったです
濃くはありませんでした",,,,濃くなさすぎます,濃くなさすぎました
satisfied,満足,満足だった,満足な,,満足で,満足すぎる,満足すぎた
,満足ではない,満足ではなかった,満足ではない,,満足ではなくて,満足でなさすぎる,満足でなさすぎた
,満足です,満足でした,,,,満足すぎます,満足すぎました
,"満足ではないです
満足ではありません","満足ではなかったです
満足ではありませんでした",,,,満足でなさすぎます,満足でなさすぎました
unsatisfied,不満,不満だった,不満な,,不満で,不満すぎる,不満すぎた
,不満ではない,不満ではなかった,不満ではない,,不満ではなくて,不満でなさすぎる,不満でなさすぎた
,不満です,不満でした,,,,不満すぎます,不満すぎました
,"不満ではないです
不満ではありません","不満ではなかったです
不満ではありませんでした",,,,不満でなさすぎます,不満でなさすぎました
anxious,不安,不安だった,不安な,,不安で,不安すぎる,不安すぎた
,不安ではない,不安ではなかった,不安ではない,,不安ではなくて,不安でなさすぎる,不安でなさすぎた
,不安です,不安でした,,,,不安すぎます,不安すぎました
,"不安ではないです
不安ではありません","不安ではなかったです
不安ではありませんでした",,,,不安でなさすぎます,不安でなさすぎました
excited,わくわくした,わくわくしただった,わくわくしたな,,わくわくしたで,わくわくしたすぎる,わくわくしたすぎた
,わくわくしたではない,わくわくしたではなかった,わくわくしたではない,,わくわくしたではなくて,わくわくしたでなさすぎる,わくわくしたでなさすぎた
,わくわくしたです,わくわくしたでした,,,,わくわくしたすぎます,わくわくしたすぎました
,"わくわくしたではないです
わくわくしたではありません","わくわくしたではなかったです
わくわくしたではありませんでした",,,,わくわくしたでなさすぎます,わくわくしたでなさすぎました
bored,退屈,退屈だった,退屈な,,退屈で,退屈すぎる,退屈すぎた
,退屈ではない,退屈ではなかった,退屈ではない,,退屈ではなくて,退屈でなさすぎる,退屈でなさすぎた
,退屈です,退屈でした,,,,退屈すぎます,退屈すぎました
,"退屈ではないです
退屈ではありません","退屈ではなかったです
退屈ではありませんでした",,,,退屈でなさすぎます,退屈でなさすぎました
busy (work),忙しい,忙しかった,忙しい,,忙しくて,忙しすぎる,忙しすぎた
,忙しくない,忙しくなかった,忙しくない,,忙しくなくて,忙しくなさすぎる,忙しくなさすぎた
,忙しいです,忙しかったです,,,,忙しすぎます,忙しすぎました
,"忙しくないです
忙しくはありません","忙しくなかったです
忙しくはありませんでした",,,,忙しくなさすぎます,忙しくなさすぎました
relaxed,リラックスした,リラックスしただった,リラックスしたな,,リラックスしたで,リラックスしたすぎる,リラックスしたすぎた
,リラックスしたではない,リラックスしたではなかった,リラックスしたではない,,リラックスしたではなくて,リラックスしたでなさすぎる,リラックスしたでなさすぎた
,リラックスしたです,リラックスしたでした,,,,リラックスしたすぎます,リラックスしたすぎました
,"リラックスしたではないです
リラックスしたではありません","リラックスしたではなかったです
リラックスしたではありませんでした",,,,リラックスしたでなさすぎます,リラックスしたでなさすぎました
sensitive,敏感,敏感だった,敏感な,,敏感で,敏感すぎる,敏感すぎた
,敏感ではない,敏感ではなかった,敏感ではない,,敏感ではなくて,敏感でなさすぎる,敏感でなさすぎた
,敏感です,敏感でした,,,,敏感すぎます,敏感すぎました
,"敏感ではないです
敏感ではありません","敏感ではなかったです
敏感ではありませんでした",,,,敏感でなさすぎます,敏感でなさすぎました
insensitive,鈍感,鈍感だった,鈍感な,,鈍感で,鈍感すぎる,鈍感すぎた
,鈍感ではない,鈍感ではなかった,鈍感ではない,,鈍感ではなくて,鈍感でなさすぎる,鈍感でなさすぎた
,鈍感です,鈍感でした,,,,鈍感すぎます,鈍感すぎました
,"鈍感ではないです
鈍感ではありません","鈍感ではなかったです
鈍感ではありませんでした",,,,鈍感でなさすぎます,鈍感でなさすぎました
stable,安定,安定だった,安定な,,安定で,安定すぎる,安定すぎた
,安定ではない,安定ではなかった,安定ではない,,安定ではなくて,安定でなさすぎる,安定でなさすぎた
,安定です,安定でした,,,,安定すぎます,安定すぎました
,"安定ではないです
安定ではありません","安定ではなかったです
安定ではありませんでした",,,,安定でなさすぎます,安定でなさすぎました
unstable,不安定,不安定だった,不安定な,,不安定で,不安定すぎる,不安定すぎた
,不安定ではない,不安定ではなかった,不安定ではない,,不安定ではなくて,不安定でなさすぎる,不安定でなさすぎた
,不安定です,不安定でした,,,,不安定すぎます,不安定すぎました
,"不安定ではないです
不安定ではありません","不安定ではなかったです
不安定ではありませんでした",,,,不安定でなさすぎます,不安定でなさすぎました
strict (rule),厳格,厳格だった,厳格な,,厳格で,厳格すぎる,厳格すぎた
,厳格ではない,厳格ではなかった,厳格ではない,,厳格ではなくて,厳格でなさすぎる,厳格でなさすぎた
,厳格です,厳格でした,,,,厳格すぎます,厳格すぎました
,"厳格ではないです
厳格ではありません","厳格ではなかったです
厳格ではありませんでした",,,,厳格でなさすぎます,厳格でなさすぎました
flexible,柔軟,柔軟だった,柔軟な,,柔軟で,柔軟すぎる,柔軟すぎた
,柔軟ではない,柔軟ではなかった,柔軟ではない,,柔軟ではなくて,柔軟でなさすぎる,柔軟でなさすぎた
,柔軟です,柔軟でした,,,,柔軟すぎます,柔軟すぎました
,"柔軟ではないです
柔軟ではありません","柔軟ではなかったです
柔軟ではありませんでした",,,,柔軟でなさすぎます,柔軟でなさすぎました
usual/ordinary,普通,普通だった,普通な,,普通で,普通すぎる,普通すぎた
,普通ではない,普通ではなかった,普通ではない,,普通ではなくて,普通でなさすぎる,普通でなさすぎた
,普通です,普通でした,,,,普通すぎます,普通すぎました
,"普通ではないです
普通ではありません","普通ではなかったです
普通ではありませんでした",,,,普通でなさすぎます,普通でなさすぎました
rare,珍しい,珍しかった,珍しい,,珍しくて,珍しすぎる,珍しすぎた
,珍しくない,珍しくなかった,珍しくない,,珍しくなくて,珍しくなさすぎる,珍しくなさすぎた
,珍しいです,珍しかったです,,,,珍しすぎます,珍しすぎました
,"珍しくないです
珍しくはありません","珍しくなかったです
珍しくはありませんでした",,,,珍しくなさすぎます,珍しくなさすぎました
careful,慎重,慎重だった,慎重な,,慎重で,慎重すぎる,慎重すぎた
,慎重ではない,慎重ではなかった,慎重ではない,,慎重ではなくて,慎重でなさすぎる,慎重でなさすぎた
,慎重です,慎重でした,,,,慎重すぎます,慎重すぎました
,"慎重ではないです
慎重ではありません","慎重ではなかったです
慎重ではありませんでした",,,,慎重でなさすぎます,慎重でなさすぎました
careless,不注意,不注意だった,不注意な,,不注意で,不注意すぎる,不注意すぎた
,不注意ではない,不注意ではなかった,不注意ではない,,不注意ではなくて,不注意でなさすぎる,不注意でなさすぎた
,不注意です,不注意でした,,,,不注意すぎます,不注意すぎました
,"不注意ではないです
不注意ではありません","不注意ではなかったです
不注意ではありませんでした",,,,不注意でなさすぎます,不注意でなさすぎました
humble,謙虚,謙虚だった,謙虚な,,謙虚で,謙虚すぎる,謙虚すぎた
,謙虚ではない,謙虚ではなかった,謙虚ではない,,謙虚ではなくて,謙虚でなさすぎる,謙虚でなさすぎた
,謙虚です,謙虚でした,,,,謙虚すぎます,謙虚すぎました
,"謙虚ではないです
謙虚ではありません","謙虚ではなかったです
謙虚ではありませんでした",,,,謙虚でなさすぎます,謙虚でなさすぎました
arrogant,傲慢,傲慢だった,傲慢な,,傲慢で,傲慢すぎる,傲慢すぎた
,傲慢ではない,傲慢ではなかった,傲慢ではない,,傲慢ではなくて,傲慢でなさすぎる,傲慢でなさすぎた
,傲慢です,傲慢でした,,,,傲慢すぎます,傲慢すぎました
,"傲慢ではないです
傲慢ではありません","傲慢ではなかったです
傲慢ではありませんでした",,,,傲慢でなさすぎます,傲慢でなさすぎました
romantic,ロマンチック,ロマンチックだった,ロマンチックな,,ロマンチックで,ロマンチックすぎる,ロマンチックすぎた
,ロマンチックではない,ロマンチックではなかった,ロマンチックではない,,ロマンチックではなくて,ロマンチックでなさすぎる,ロマンチックでなさすぎた
,ロマンチックです,ロマンチックでした,,,,ロマンチックすぎます,ロマンチックすぎました
,"ロマンチックではないです
ロマンチックではありません","ロマンチックではなかったです
ロマンチックではありませんでした",,,,ロマンチックでなさすぎます,ロマンチックでなさすぎました
practical,実用的,実用的だった,実用的な,,実用的で,実用的すぎる,実用的すぎた
,実用的ではない,実用的ではなかった,実用的ではない,,実用的ではなくて,実用的でなさすぎる,実用的でなさすぎた
,実用的です,実用的でした,,,,実用的すぎます,実用的すぎました
,"実用的ではないです
実用的ではありません","実用的ではなかったです
実用的ではありませんでした",,,,実用的でなさすぎます,実用的でなさすぎました
abstract,抽象的,抽象的だった,抽象的な,,抽象的で,抽象的すぎる,抽象的すぎた
,抽象的ではない,抽象的ではなかった,抽象的ではない,,抽象的ではなくて,抽象的でなさすぎる,抽象的でなさすぎた
,抽象的です,抽象的でした,,,,抽象的すぎます,抽象的すぎました
,"抽象的ではないです
抽象的ではありません","抽象的ではなかったです
抽象的ではありませんでした",,,,抽象的でなさすぎます,抽象的でなさすぎました
concrete,具体的,具体的だった,具体的な,,具体的で,具体的すぎる,具体的すぎた
,具体的ではない,具体的ではなかった,具体的ではない,,具体的ではなくて,具体的でなさすぎる,具体的でなさすぎた
,具体的です,具体的でした,,,,具体的すぎます,具体的すぎました
,"具体的ではないです
具体的ではありません","具体的ではなかったです
具体的ではありませんでした",,,,具体的でなさすぎます,具体的でなさすぎました
logical,論理的,論理的だった,論理的な,,論理的で,論理的すぎる,論理的すぎた
,論理的ではない,論理的ではなかった,論理的ではない,,論理的ではなくて,論理的でなさすぎる,論理的でなさすぎた
,論理的です,論理的でした,,,,論理的すぎます,論理的すぎました
,"論理的ではないです
論理的ではありません","論理的ではなかったです
論理的ではありませんでした",,,,論理的でなさすぎます,論理的でなさすぎました
emotional,感情的,感情的だった,感情的な,,感情的で,感情的すぎる,感情的すぎた
,感情的ではない,感情的ではなかった,感情的ではない,,感情的ではなくて,感情的でなさすぎる,感情的でなさすぎた
,感情的です,感情的でした,,,,感情的すぎます,感情的すぎました
,"感情的ではないです
感情的ではありません","感情的ではなかったです
感情的ではありませんでした",,,,感情的でなさすぎます,感情的でなさすぎました
sharp,鋭い,鋭かった,鋭い,,鋭くて,鋭すぎる,鋭すぎた
,鋭くない,鋭くなかった,鋭くない,,鋭くなくて,鋭くなさすぎる,鋭くなさすぎた
,鋭いです,鋭かったです,,,,鋭すぎます,鋭すぎました
,"鋭くないです
鋭くはありません","鋭くなかったです
鋭くはありませんでした",,,,鋭くなさすぎます,鋭くなさすぎました
dull,鈍い,鈍かった,鈍い,,鈍くて,鈍すぎる,鈍すぎた
,鈍くない,鈍くなかった,鈍くない,,鈍くなくて,鈍くなさすぎる,鈍くなさすぎた
,鈍いです,鈍かったです,,,,鈍すぎます,鈍すぎました
,"鈍くないです
鈍くはありません","鈍くなかったです
鈍くはありませんでした",,,,鈍くなさすぎます,鈍くなさすぎました
thin (person),痩せた,痩せただった,痩せたな,,痩せたで,痩せたすぎる,痩せたすぎた
,痩せたではない,痩せたではなかった,痩せたではない,,痩せたではなくて,痩せたでなさすぎる,痩せたでなさすぎた
,痩せたです,痩せたでした,,,,痩せたすぎます,痩せたすぎました
,"痩せたではないです
痩せたではありません","痩せたではなかったです
痩せたではありませんでした",,,,痩せたでなさすぎます,痩せたでなさすぎました
fat (person),太った,太っただった,太ったな,,太ったで,太ったすぎる,太ったすぎた
,太ったではない,太ったではなかった,太ったではない,,太ったではなくて,太ったでなさすぎる,太ったでなさすぎた
,太ったです,太ったでした,,,,太ったすぎます,太ったすぎました
,"太ったではないです
太ったではありません","太ったではなかったです
太ったではありませんでした",,,,太ったでなさすぎます,太ったでなさすぎました
serious (problem),深刻,深刻だった,深刻な,,深刻で,深刻すぎる,深刻すぎた
,深刻ではない,深刻ではなかった,深刻ではない,,深刻ではなくて,深刻でなさすぎる,深刻でなさすぎた
,深刻です,深刻でした,,,,深刻すぎます,深刻すぎました
,"深刻ではないです
深刻ではありません","深刻ではなかったです
深刻ではありませんでした",,,,深刻でなさすぎます,深刻でなさすぎました
light (problem),軽微,軽微だった,軽微な,,軽微で,軽微すぎる,軽微すぎた
,軽微ではない,軽微ではなかった,軽微ではない,,軽微ではなくて,軽微でなさすぎる,軽微でなさすぎた
,軽微です,軽微でした,,,,軽微すぎます,軽微すぎました
,"軽微ではないです
軽微ではありません","軽微ではなかったです
軽微ではありませんでした",,,,軽微でなさすぎます,軽微でなさすぎました
high (level),高度,高度だった,高度な,,高度で,高度すぎる,高度すぎた
,高度ではない,高度ではなかった,高度ではない,,高度ではなくて,高度でなさすぎる,高度でなさすぎた
,高度です,高度でした,,,,高度すぎます,高度すぎました
,"高度ではないです
高度ではありません","高度ではなかったです
高度ではありませんでした",,,,高度でなさすぎます,高度でなさすぎました
low (level),低レベル,低レベルだった,低レベルな,,低レベルで,低レベルすぎる,低レベルすぎた
,低レベルではない,低レベルではなかった,低レベルではない,,低レベルではなくて,低レベルでなさすぎる,低レベルでなさすぎた
,低レベルです,低レベルでした,,,,低レベルすぎます,低レベルすぎました
,"低レベルではないです
低レベルではありません","低レベルではなかったです
低レベルではありませんでした",,,,低レベルでなさすぎます,低レベルでなさすぎました
fast (speed),速い,速かった,速い,,速くて,速すぎる,速すぎた
,速くない,速くなかった,速くない,,速くなくて,速くなさすぎる,速くなさすぎた
,速いです,速かったです,,,,速すぎます,速すぎました
,"速くないです
速くはありません","速くなかったです
速くはありませんでした",,,,速くなさすぎます,速くなさすぎました
slow (speed),緩やか,緩やかだった,緩やかな,,緩やかで,緩やかすぎる,緩やかすぎた
,緩やかではない,緩やかではなかった,緩やかではない,,緩やかではなくて,緩やかでなさすぎる,緩やかでなさすぎた
,緩やかです,緩やかでした,,,,緩やかすぎます,緩やかすぎました
,"緩やかではないです
緩やかではありません","緩やかではなかったです
緩やかではありませんでした",,,,緩やかでなさすぎます,緩やかでなさすぎました
loud,騒がしい,騒がしかった,騒がしい,,騒がしくて,騒がしすぎる,騒がしすぎた
,騒がしくない,騒がしくなかった,騒がしくない,,騒がしくなくて,騒がしくなさすぎる,騒がしくなさすぎた
,騒がしいです,騒がしかったです,,,,騒がしすぎます,騒がしすぎました
,"騒がしくないです
騒がしくはありません","騒がしくなかったです
騒がしくはありませんでした",,,,騒がしくなさすぎます,騒がしくなさすぎました
quiet (sound),静か,静かだった,静かな,,静かで,静かすぎる,静かすぎた
,静かではない,静かではなかった,静かではない,,静かではなくて,静かでなさすぎる,静かでなさすぎた
,静かです,静かでした,,,,静かすぎます,静かすぎました
,"静かではないです
静かではありません","静かではなかったです
静かではありませんでした",,,,静かでなさすぎます,静かでなさすぎました
hot and humid,ジメジメした,ジメジメしただった,ジメジメしたな,,ジメジメしたで,ジメジメしたすぎる,ジメジメしたすぎた
,ジメジメしたではない,ジメジメしたではなかった,ジメジメしたではない,,ジメジメしたではなくて,ジメジメしたでなさすぎる,ジメジメしたでなさすぎた
,ジメジメしたです,ジメジメしたでした,,,,ジメジメしたすぎます,ジメジメしたすぎました
,"ジメジメしたではないです
ジメジメしたではありません","ジメジメしたではなかったです
ジメジメしたではありませんでした",,,,ジメジメしたでなさすぎます,ジメジメしたでなさすぎました
cool and dry,カラッとした,カラッとしただった,カラッとしたな,,カラッとしたで,カラッとしたすぎる,カラッとしたすぎた
,カラッとしたではない,カラッとしたではなかった,カラッとしたではない,,カラッとしたではなくて,カラッとしたでなさすぎる,カラッとしたでなさすぎた
,カラッとしたです,カラッとしたでした,,,,カラッとしたすぎます,カラッとしたすぎました
,"カラッとしたではないです
カラッとしたではありません","カラッとしたではなかったです
カラッとしたではありませんでした",,,,カラッとしたでなさすぎます,カラッとしたでなさすぎました
cute,可愛い,可愛かった,可愛い,,可愛くて,可愛すぎる,可愛すぎた
,可愛くない,可愛くなかった,可愛くない,,可愛くなくて,可愛くなさすぎる,可愛くなさすぎた
,可愛いです,可愛かったです,,,,可愛すぎます,可愛すぎました
,"可愛くないです
可愛くはありません","可愛くなかったです
可愛くはありませんでした",,,,可愛くなさすぎます,可愛くなさすぎました
handsome,ハンサム,ハンサムだった,ハンサムな,,ハンサムで,ハンサムすぎる,ハンサムすぎた
,ハンサムではない,ハンサムではなかった,ハンサムではない,,ハンサムではなくて,ハンサムでなさすぎる,ハンサムでなさすぎた
,ハンサムです,ハンサムでした,,,,ハンサムすぎます,ハンサムすぎました
,"ハンサムではないです
ハンサムではありません","ハンサムではなかったです
ハンサムではありませんでした",,,,ハンサムでなさすぎます,ハンサムでなさすぎました
conservative,保守的,保守的だった,保守的な,,保守的で,保守的すぎる,保守的すぎた
,保守的ではない,保守的ではなかった,保守的ではない,,保守的ではなくて,保守的でなさすぎる,保守的でなさすぎた
,保守的です,保守的でした,,,,保守的すぎます,保守的すぎました
,"保守的ではないです
保守的ではありません","保守的ではなかったです
保守的ではありませんでした",,,,保守的でなさすぎます,保守的でなさすぎました
creative,創造的,創造的だった,創造的な,,創造的で,創造的すぎる,創造的すぎた
,創造的ではない,創造的ではなかった,創造的ではない,,創造的ではなくて,創造的でなさすぎる,創造的でなさすぎた
,創造的です,創造的でした,,,,創造的すぎます,創造的すぎました
,"創造的ではないです
創造的ではありません","創造的ではなかったです
創造的ではありませんでした",,,,創造的でなさすぎます,創造的でなさすぎました
sluggish,だるい,だるかった,だるい,,だるくて,だるすぎる,だるすぎた
,だるくない,だるくなかった,だるくない,,だるくなくて,だるくなさすぎる,だるくなさすぎた
,だるいです,だるかったです,,,,だるすぎます,だるすぎました
,"だるくないです
だるくはありません","だるくなかったです
だるくはありませんでした",,,,だるくなさすぎます,だるくなさすぎました
energetic (active),活発,活発だった,活発な,,活発で,活発すぎる,活発すぎた
,活発ではない,活発ではなかった,活発ではない,,活発ではなくて,活発でなさすぎる,活発でなさすぎた
,活発です,活発でした,,,,活発すぎます,活発すぎました
,"活発ではないです
活発ではありません","活発ではなかったです
活発ではありませんでした",,,,活発でなさすぎます,活発でなさすぎました
serious (earnest),真剣,真剣だった,真剣な,,真剣で,真剣すぎる,真剣すぎた
,真剣ではない,真剣ではなかった,真剣ではない,,真剣ではなくて,真剣でなさすぎる,真剣でなさすぎた
,真剣です,真剣でした,,,,真剣すぎます,真剣すぎました
,"真剣ではないです
真剣ではありません","真剣ではなかったです
真剣ではありませんでした",,,,真剣でなさすぎます,真剣でなさすぎました
average,平均的,平均的だった,平均的な,,平均的で,平均的すぎる,平均的すぎた
,平均的ではない,平均的ではなかった,平均的ではない,,平均的ではなくて,平均的でなさすぎる,平均的でなさすぎた
,平均的です,平均的でした,,,,平均的すぎます,平均的すぎました
,"平均的ではないです
平均的ではありません","平均的ではなかったです
平均的ではありませんでした",,,,平均的でなさすぎます,平均的でなさすぎました
dangerous,危ない,危なかった,危ない,危なく,危なくて,危なすぎる,危なすぎた
,危なくない,危なくなかった,危なくない,,危なくなくて,危なくなさすぎる,危なくなさすぎた
,危ないです,危なかったです,,,,危なすぎます,危なすぎました
,"危なくないです
危なくはありません","危なくなかったです
危なくはありませんでした",,,,危なくなさすぎます,危なくなさすぎました
hard (solid),固い,固かった,固い,固く,固くて,固すぎる,固すぎた
,固くない,固くなかった,固くない,,固くなくて,固くなさすぎる,固くなさすぎた
,固いです,固かったです,,,,固すぎます,固すぎました
,"固くないです
固くはありません","固くなかったです
固くはありませんでした",,,,固くなさすぎます,固くなさすぎました
round,丸い,丸かった,丸い,丸く,丸くて,丸すぎる,丸すぎた
,丸くない,丸くなかった,丸くない,,丸くなくて,丸くなさすぎる,丸くなさすぎた
,丸いです,丸かったです,,,,丸すぎます,丸すぎました
,"丸くないです
丸くはありません","丸くなかったです
丸くはありませんでした",,,,丸くなさすぎます,丸くなさすぎました
fine (detailed),細かい,細かかった,細かい,細かく,細かくて,細かすぎる,細かすぎた
,細かくない,細かくなかった,細かくない,,細かくなくて,細かくなさすぎる,細かくなさすぎた
,細かいです,細かかったです,,,,細かすぎます,細かすぎました
,"細かくないです
細かくはありません","細かくなかったです
細かくはありませんでした",,,,細かくなさすぎます,細かくなさすぎました
coarse,粗い,粗かった,粗い,粗く,粗くて,粗すぎる,粗すぎた
,粗くない,粗くなかった,粗くない,,粗くなくて,粗くなさすぎる,粗くなさすぎた
,粗いです,粗かったです,,,,粗すぎます,粗すぎました
,"粗くないです
粗くはありません","粗くなかったです
粗くはありませんでした",,,,粗くなさすぎます,粗くなさすぎました
intense,激しい,激しかった,激しい,激しく,激しくて,激しすぎる,激しすぎた
,激しくない,激しくなかった,激しくない,,激しくなくて,激しくなさすぎる,激しくなさすぎた
,激しいです,激しかったです,,,,激しすぎます,激しすぎました
,"激しくないです
激しくはありません","激しくなかったです
激しくはありませんでした",,,,激しくなさすぎます,激しくなさすぎました
salty (casual),しょっぱい,しょっぱかった,しょっぱい,しょっぱく,しょっぱくて,しょっぱすぎる,しょっぱすぎた
,しょっぱくない,しょっぱくなかった,しょっぱくない,,しょっぱくなくて,しょっぱくなさすぎる,しょっぱくなさすぎた
,しょっぱいです,しょっぱかったです,,,,しょっぱすぎます,しょっぱすぎました
,"しょっぱくないです
しょっぱくはありません","しょっぱくなかったです
しょっぱくはありませんでした",,,,しょっぱくなさすぎます,しょっぱくなさすぎました
fragrant/roasted,香ばしい,香ばしかった,香ばしい,香ばしく,香ばしくて,香ばしすぎる,香ばしすぎた
,香ばしくない,香ばしくなかった,香ばしくない,,香ばしくなくて,香ばしくなさすぎる,香ばしくなさすぎた
,香ばしいです,香ばしかったです,,,,香ばしすぎます,香ばしすぎました
,"香ばしくないです
香ばしくはありません","香ばしくなかったです
香ばしくはありませんでした",,,,香ばしくなさすぎます,香ばしくなさすぎました
excellent,優秀,優秀だった,優秀な,優秀に,優秀で,優秀すぎる,優秀すぎた
,優秀ではない,優秀ではなかった,優秀ではない,,優秀ではなくて,優秀でなさすぎる,優秀でなさすぎた
,優秀です,優秀でした,,,,優秀すぎます,優秀すぎました
,"優秀ではないです
優秀ではありません","優秀ではなかったです
優秀ではありませんでした",,,,優秀でなさすぎます,優秀でなさすぎました
wealthy/rich,豊か,豊かだった,豊かな,豊かに,豊かで,豊かすぎる,豊かすぎた
,豊かではない,豊かではなかった,豊かではない,,豊かではなくて,豊かでなさすぎる,豊かでなさすぎた
,豊かです,豊かでした,,,,豊かすぎます,豊かすぎました
,"豊かではないです
豊かではありません","豊かではなかったです
豊かではありませんでした",,,,豊かでなさすぎます,豊かでなさすぎました
poor (poverty),貧しい,貧しかった,貧しい,貧しく,貧しくて,貧しすぎる,貧しすぎた
,貧しくない,貧しくなかった,貧しくない,,貧しくなくて,貧しくなさすぎる,貧しくなさすぎた
,貧しいです,貧しかったです,,,,貧しすぎます,貧しすぎました
,"貧しくないです
貧しくはありません","貧しくなかったです
貧しくはありませんでした",,,,貧しくなさすぎます,貧しくなさすぎました
quick/rapid,迅速,迅速だった,迅速な,迅速に,迅速で,迅速すぎる,迅速すぎた
,迅速ではない,迅速ではなかった,迅速ではない,,迅速ではなくて,迅速でなさすぎる,迅速でなさすぎた
,迅速です,迅速でした,,,,迅速すぎます,迅速すぎました
,"迅速ではないです
迅速ではありません","迅速ではなかったです
迅速ではありませんでした",,,,迅速でなさすぎます,迅速でなさすぎました
forceful,強引,強引だった,強引な,強引に,強引で,強引すぎる,強引すぎた
,強引ではない,強引ではなかった,強引ではない,,強引ではなくて,強引でなさすぎる,強引でなさすぎた
,強引です,強引でした,,,,強引すぎます,強引すぎました
,"強引ではないです
強引ではありません","強引ではなかったです
強引ではありませんでした",,,,強引でなさすぎます,強引でなさすぎました
methodical/neat,几帳面,几帳面だった,几帳面な,几帳面に,几帳面で,几帳面すぎる,几帳面すぎた
,几帳面ではない,几帳面ではなかった,几帳面ではない,,几帳面ではなくて,几帳面でなさすぎる,几帳面でなさすぎた
,几帳面です,几帳面でした,,,,几帳面すぎます,几帳面すぎました
,"几帳面ではないです
几帳面ではありません","几帳面ではなかったです
几帳面ではありませんでした",,,,几帳面でなさすぎます,几帳面でなさすぎました
violent/rough,乱暴,乱暴だった,乱暴な,乱暴に,乱暴で,乱暴すぎる,乱暴すぎた
,乱暴ではない,乱暴ではなかった,乱暴ではない,,乱暴ではなくて,乱暴でなさすぎる,乱暴でなさすぎた
,乱暴です,乱暴でした,,,,乱暴すぎます,乱暴すぎました
,"乱暴ではないです
乱暴ではありません","乱暴ではなかったです
乱暴ではありませんでした",,,,乱暴でなさすぎます,乱暴でなさすぎました
flashy/showy,派手,派手だった,派手な,派手に,派手で,派手すぎる,派手すぎた
,派手ではない,派手ではなかった,派手ではない,,派手ではなくて,派手でなさすぎる,派手でなさすぎた
,派手です,派手でした,,,,派手すぎます,派手すぎました
,"派手ではないです
派手ではありません","派手ではなかったです
派手ではありませんでした",,,,派手でなさすぎます,派手でなさすぎました
plain/subdued,地味,地味だった,地味な,地味に,地味で,地味すぎる,地味すぎた
,地味ではない,地味ではなかった,地味ではない,,地味ではなくて,地味でなさすぎる,地味でなさすぎた
,地味です,地味でした,,,,地味すぎます,地味すぎました
,"地味ではないです
地味ではありません","地味ではなかったです
地味ではありませんでした",,,,地味でなさすぎます,地味でなさすぎました
luxurious,豪華,豪華だった,豪華な,豪華に,豪華で,豪華すぎる,豪華すぎた
,豪華ではない,豪華ではなかった,豪華ではない,,豪華ではなくて,豪華でなさすぎる,豪華でなさすぎた
,豪華です,豪華でした,,,,豪華すぎます,豪華すぎました
,"豪華ではないです
豪華ではありません","豪華ではなかったです
豪華ではありませんでした",,,,豪華でなさすぎます,豪華でなさすぎました
weak/feeble,貧弱,貧弱だった,貧弱な,貧弱に,貧弱で,貧弱すぎる,貧弱すぎた
,貧弱ではない,貧弱ではなかった,貧弱ではない,,貧弱ではなくて,貧弱でなさすぎる,貧弱でなさすぎた
,貧弱です,貧弱でした,,,,貧弱すぎます,貧弱すぎました
,"貧弱ではないです
貧弱ではありません","貧弱ではなかったです
貧弱ではありませんでした",,,,貧弱でなさすぎます,貧弱でなさすぎました
wonderful,素敵,素敵だった,素敵な,素敵に,素敵で,素敵すぎる,素敵すぎた
,素敵ではない,素敵ではなかった,素敵ではない,,素敵ではなくて,素敵でなさすぎる,素敵でなさすぎた
,素敵です,素敵でした,,,,素敵すぎます,素敵すぎました
,"素敵ではないです
素敵ではありません","素敵ではなかったです
素敵ではありませんでした",,,,素敵でなさすぎます,素敵でなさすぎました
simple/plain,単純,単純だった,単純な,単純に,単純で,単純すぎる,単純すぎた
,単純ではない,単純ではなかった,単純ではない,,単純ではなくて,単純でなさすぎる,単純でなさすぎた
,単純です,単純でした,,,,単純すぎます,単純すぎました
,"単純ではないです
単純ではありません","単純ではなかったです
単純ではありませんでした",,,,単純でなさすぎます,単純でなさすぎました
clear/definite,明確,明確だった,明確な,明確に,明確で,明確すぎる,明確すぎた
,明確ではない,明確ではなかった,明確ではない,,明確ではなくて,明確でなさすぎる,明確でなさすぎた
,明確です,明確でした,,,,明確すぎます,明確すぎました
,"明確ではないです
明確ではありません","明確ではなかったです
明確ではありませんでした",,,,明確でなさすぎます,明確でなさすぎました
fair,公平,公平だった,公平な,公平に,公平で,公平すぎる,公平すぎた
,公平ではない,公平ではなかった,公平ではない,,公平ではなくて,公平でなさすぎる,公平でなさすぎた
,公平です,公平でした,,,,公平すぎます,公平すぎました
,"公平ではないです
公平ではありません","公平ではなかったです
公平ではありませんでした",,,,公平でなさすぎます,公平でなさすぎました
unfair,不公平,不公平だった,不公平な,不公平に,不公平で,不公平すぎる,不公平すぎた
,不公平ではない,不公平ではなかった,不公平ではない,,不公平ではなくて,不公平でなさすぎる,不公平でなさすぎた
,不公平です,不公平でした,,,,不公平すぎます,不公平すぎました
,"不公平ではないです
不公平ではありません","不公平ではなかったです
不公平ではありませんでした",,,,不公平でなさすぎます,不公平でなさすぎました
abundant,豊富,豊富だった,豊富な,豊富に,豊富で,豊富すぎる,豊富すぎた
,豊富ではない,豊富ではなかった,豊富ではない,,豊富ではなくて,豊富でなさすぎる,豊富でなさすぎた
,豊富です,豊富でした,,,,豊富すぎます,豊富すぎました
,"豊富ではないです
豊富ではありません","豊富ではなかったです
豊富ではありませんでした",,,,豊富でなさすぎます,豊富でなさすぎました
subtle,微妙,微妙だった,微妙な,微妙に,微妙で,微妙すぎる,微妙すぎた
,微妙ではない,微妙ではなかった,微妙ではない,,微妙ではなくて,微妙でなさすぎる,微妙でなさすぎた
,微妙です,微妙でした,,,,微妙すぎます,微妙すぎました
,"微妙ではないです
微妙ではありません","微妙ではなかったです
微妙ではありませんでした",,,,微妙でなさすぎます,微妙でなさすぎました
serious/grave,重大,重大だった,重大な,重大に,重大で,重大すぎる,重大すぎた
,重大ではない,重大ではなかった,重大ではない,,重大ではなくて,重大でなさすぎる,重大でなさすぎた
,重大です,重大でした,,,,重大すぎます,重大すぎました
,"重大ではないです
重大ではありません","重大ではなかったです
重大ではありませんでした",,,,重大でなさすぎます,重大でなさすぎました
insufficient,不十分,不十分だった,不十分な,不十分に,不十分で,不十分すぎる,不十分すぎた
,不十分ではない,不十分ではなかった,不十分ではない,,不十分ではなくて,不十分でなさすぎる,不十分でなさすぎた
,不十分です,不十分でした,,,,不十分すぎます,不十分すぎました
,"不十分ではないです
不十分ではありません","不十分ではなかったです
不十分ではありませんでした",,,,不十分でなさすぎます,不十分でなさすぎました
sufficient/enough,十分,十分だった,十分な,十分に,十分で,十分すぎる,十分すぎた
,十分ではない,十分ではなかった,十分ではない,,十分ではなくて,十分でなさすぎる,十分でなさすぎた
,十分です,十分でした,,,,十分すぎます,十分すぎました
,"十分ではないです
十分ではありません","十分ではなかったです
十分ではありませんでした",,,,十分でなさすぎます,十分でなさすぎました
cruel,残酷,残酷だった,残酷な,残酷に,残酷で,残酷すぎる,残酷すぎた
,残酷ではない,残酷ではなかった,残酷ではない,,残酷ではなくて,残酷でなさすぎる,残酷でなさすぎた
,残酷です,残酷でした,,,,残酷すぎます,残酷すぎました
,"残酷ではないです
残酷ではありません","残酷ではなかったです
残酷ではありませんでした",,,,残酷でなさすぎます,残酷でなさすぎました
close/intimate,親しい,親しかった,親しい,親しく,親しくて,親しすぎる,親しすぎた
,親しくない,親しくなかった,親しくない,,親しくなくて,親しくなさすぎる,親しくなさすぎた
,親しいです,親しかったです,,,,親しすぎます,親しすぎました
,"親しくないです
親しくはありません","親しくなかったです
親しくはありませんでした",,,,親しくなさすぎます,親しくなさすぎました
reserved,遠慮深い,遠慮深かった,遠慮深い,遠慮深く,遠慮深くて,遠慮深すぎる,遠慮深すぎた
,遠慮深くない,遠慮深くなかった,遠慮深くない,,遠慮深くなくて,遠慮深くなさすぎる,遠慮深くなさすぎた
,遠慮深いです,遠慮深かったです,,,,遠慮深すぎます,遠慮深すぎました
,"遠慮深くないです
遠慮深くはありません","遠慮深くなかったです
遠慮深くはありませんでした",,,,遠慮深くなさすぎます,遠慮深くなさすぎました
dynamic,豪快,豪快だった,豪快な,豪快に,豪快で,豪快すぎる,豪快すぎた
,豪快ではない,豪快ではなかった,豪快ではない,,豪快ではなくて,豪快でなさすぎる,豪快でなさすぎた
,豪快です,豪快でした,,,,豪快すぎます,豪快すぎました
,"豪快ではないです
豪快ではありません","豪快ではなかったです
豪快ではありませんでした",,,,豪快でなさすぎます,豪快でなさすぎました
elegant/refined,上品,上品だった,上品な,上品に,上品で,上品すぎる,上品すぎた
,上品ではない,上品ではなかった,上品ではない,,上品ではなくて,上品でなさすぎる,上品でなさすぎた
,上品です,上品でした,,,,上品すぎます,上品すぎました
,"上品ではないです
上品ではありません","上品ではなかったです
上品ではありませんでした",,,,上品でなさすぎます,上品でなさすぎました
vulgar,下品,下品だった,下品な,下品に,下品で,下品すぎる,下品すぎた
,下品ではない,下品ではなかった,下品ではない,,下品ではなくて,下品でなさすぎる,下品でなさすぎた
,下品です,下品でした,,,,下品すぎます,下品すぎました
,"下品ではないです
下品ではありません","下品ではなかったです
下品ではありませんでした",,,,下品でなさすぎます,下品でなさすぎました
sharp/keen,鋭敏,鋭敏だった,鋭敏な,鋭敏に,鋭敏で,鋭敏すぎる,鋭敏すぎた
,鋭敏ではない,鋭敏ではなかった,鋭敏ではない,,鋭敏ではなくて,鋭敏でなさすぎる,鋭敏でなさすぎた
,鋭敏です,鋭敏でした,,,,鋭敏すぎます,鋭敏すぎました
,"鋭敏ではないです
鋭敏ではありません","鋭敏ではなかったです
鋭敏ではありませんでした",,,,鋭敏でなさすぎます,鋭敏でなさすぎました
clumsy,不器用,不器用だった,不器用な,不器用に,不器用で,不器用すぎる,不器用すぎた
,不器用ではない,不器用ではなかった,不器用ではない,,不器用ではなくて,不器用でなさすぎる,不器用でなさすぎた
,不器用です,不器用でした,,,,不器用すぎます,不器用すぎました
,"不器用ではないです
不器用ではありません","不器用ではなかったです
不器用ではありませんでした",,,,不器用でなさすぎます,不器用でなさすぎました
skillful,器用,器用だった,器用な,器用に,器用で,器用すぎる,器用すぎた
,器用ではない,器用ではなかった,器用ではない,,器用ではなくて,器用でなさすぎる,器用でなさすぎた
,器用です,器用でした,,,,器用すぎます,器用すぎました
,"器用ではないです
器用ではありません","器用ではなかったです
器用ではありませんでした",,,,器用でなさすぎます,器用でなさすぎました
careful,用心深い,用心深かった,用心深い,用心深く,用心深くて,用心深すぎる,用心深すぎた
,用心深くない,用心深くなかった,用心深くない,,用心深くなくて,用心深くなさすぎる,用心深くなさすぎた
,用心深いです,用心深かったです,,,,用心深すぎます,用心深すぎました
,"用心深くないです
用心深くはありません","用心深くなかったです
用心深くはありませんでした",,,,用心深くなさすぎます,用心深くなさすぎました
suspicious,怪しい,怪しかった,怪しい,怪しく,怪しくて,怪しすぎる,怪しすぎた
,怪しくない,怪しくなかった,怪しくない,,怪しくなくて,怪しくなさすぎる,怪しくなさすぎた
,怪しいです,怪しかったです,,,,怪しすぎます,怪しすぎました
,"怪しくないです
怪しくはありません","怪しくなかったです
怪しくはありませんでした",,,,怪しくなさすぎます,怪しくなさすぎました
awkward,ぎこちない,ぎこちなかった,ぎこちない,ぎこちなく,ぎこちなくて,ぎこちなすぎる,ぎこちなすぎた
,ぎこちなくない,ぎこちなくなかった,ぎこちなくない,,ぎこちなくなくて,ぎこちなくなさすぎる,ぎこちなくなさすぎた
,ぎこちないです,ぎこちなかったです,,,,ぎこちなすぎます,ぎこちなすぎました
,"ぎこちなくないです
ぎこちなくはありません","ぎこちなくなかったです
ぎこちなくはありませんでした",,,,ぎこちなくなさすぎます,ぎこちなくなさすぎました
smooth (skill),スムーズ,スムーズだった,スムーズな,スムーズに,スムーズで,スムーズすぎる,スムーズすぎた
,スムーズではない,スムーズではなかった,スムーズではない,,スムーズではなくて,スムーズでなさすぎる,スムーズでなさすぎた
,スムーズです,スムーズでした,,,,スムーズすぎます,スムーズすぎました
,"スムーズではないです
スムーズではありません","スムーズではなかったです
スムーズではありませんでした",,,,スムーズでなさすぎます,スムーズでなさすぎました
cheerful,朗らか,朗らかだった,朗らかな,朗らかに,朗らかで,朗らかすぎる,朗らかすぎた
,朗らかではない,朗らかではなかった,朗らかではない,,朗らかではなくて,朗らかでなさすぎる,朗らかでなさすぎた
,朗らかです,朗らかでした,,,,朗らかすぎます,朗らかすぎました
,"朗らかではないです
朗らかではありません","朗らかではなかったです
朗らかではありませんでした",,,,朗らかでなさすぎます,朗らかでなさすぎました
gloomy,陰気,陰気だった,陰気な,陰気に,陰気で,陰気すぎる,陰気すぎた
,陰気ではない,陰気ではなかった,陰気ではない,,陰気ではなくて,陰気でなさすぎる,陰気でなさすぎた
,陰気です,陰気でした,,,,陰気すぎます,陰気すぎました
,"陰気ではないです
陰気ではありません","陰気ではなかったです
陰気ではありませんでした",,,,陰気でなさすぎます,陰気でなさすぎました
frank,率直,率直だった,率直な,率直に,率直で,率直すぎる,率直すぎた
,率直ではない,率直ではなかった,率直ではない,,率直ではなくて,率直でなさすぎる,率直でなさすぎた
,率直です,率直でした,,,,率直すぎます,率直すぎました
,"率直ではないです
率直ではありません","率直ではなかったです
率直ではありませんでした",,,,率直でなさすぎます,率直でなさすぎました
lenient,甘い考えの,甘い考えのだった,甘い考えのな,甘い考えのに,甘い考えので,甘い考えのすぎる,甘い考えのすぎた
,甘い考えのではない,甘い考えのではなかった,甘い考えのではない,,甘い考えのではなくて,甘い考えのでなさすぎる,甘い考えのでなさすぎた
,甘い考えのです,甘い考えのでした,,,,甘い考えのすぎます,甘い考えのすぎました
,"甘い考えのではないです
甘い考えのではありません","甘い考えのではなかったです
甘い考えのではありませんでした",,,,甘い考えのでなさすぎます,甘い考えのでなさすぎました
lazy,ずぼら,ずぼらだった,ずぼらな,ずぼらに,ずぼらで,ずぼらすぎる,ずぼらすぎた
,ずぼらではない,ずぼらではなかった,ずぼらではない,,ずぼらではなくて,ずぼらでなさすぎる,ずぼらでなさすぎた
,ずぼらです,ずぼらでした,,,,ずぼらすぎます,ずぼらすぎました
,"ずぼらではないです
ずぼらではありません","ずぼらではなかったです
ずぼらではありませんでした",,,,ずぼらでなさすぎます,ずぼらでなさすぎました
noisy (place),騒々しい,騒々しかった,騒々しい,騒々しく,騒々しくて,騒々しすぎる,騒々しすぎた
,騒々しくない,騒々しくなかった,騒々しくない,,騒々しくなくて,騒々しくなさすぎる,騒々しくなさすぎた
,騒々しいです,騒々しかったです,,,,騒々しすぎます,騒々しすぎました
,"騒々しくないです
騒々しくはありません","騒々しくなかったです
騒々しくはありませんでした",,,,騒々しくなさすぎます,騒々しくなさすぎました
quiet (person),無口,無口だった,無口な,無口に,無口で,無口すぎる,無口すぎた
,無口ではない,無口ではなかった,無口ではない,,無口ではなくて,無口でなさすぎる,無口でなさすぎた
,無口です,無口でした,,,,無口すぎます,無口すぎました
,"無口ではないです
無口ではありません","無口ではなかったです
無口ではありませんでした",,,,無口でなさすぎます,無口でなさすぎました
talkative,おしゃべり,おしゃべりだった,おしゃべりな,おしゃべりに,おしゃべりで,おしゃべりすぎる,おしゃべりすぎた
,おしゃべりではない,おしゃべりではなかった,おしゃべりではない,,おしゃべりではなくて,おしゃべりでなさすぎる,おしゃべりでなさすぎた
,おしゃべりです,おしゃべりでした,,,,おしゃべりすぎます,おしゃべりすぎました
,"おしゃべりではないです
おしゃべりではありません","おしゃべりではなかったです
おしゃべりではありませんでした",,,,おしゃべりでなさすぎます,おしゃべりでなさすぎました
sociable,社交的,社交的だった,社交的な,社交的に,社交的で,社交的すぎる,社交的すぎた
,社交的ではない,社交的ではなかった,社交的ではない,,社交的ではなくて,社交的でなさすぎる,社交的でなさすぎた
,社交的です,社交的でした,,,,社交的すぎます,社交的すぎました
,"社交的ではないです
社交的ではありません","社交的ではなかったです
社交的ではありませんでした",,,,社交的でなさすぎます,社交的でなさすぎました
unsociable,無口,無口だった,無口な,無口に,無口で,無口すぎる,無口すぎた
,無口ではない,無口ではなかった,無口ではない,,無口ではなくて,無口でなさすぎる,無口でなさすぎた
,無口です,無口でした,,,,無口すぎます,無口すぎました
,"無口ではないです
無口ではありません","無口ではなかったです
無口ではありませんでした",,,,無口でなさすぎます,無口でなさすぎました
carefree/easygoing,呑気,呑気だった,呑気な,呑気に,呑気で,呑気すぎる,呑気すぎた
,呑気ではない,呑気ではなかった,呑気ではない,,呑気ではなくて,呑気でなさすぎる,呑気でなさすぎた
,呑気です,呑気でした,,,,呑気すぎます,呑気すぎました
,"呑気ではないです
呑気ではありません","呑気ではなかったです
呑気ではありませんでした",,,,呑気でなさすぎます,呑気でなさすぎました
restless,落ち着きがない,落ち着きがないだった,落ち着きがないな,落ち着きがないに,落ち着きがないで,落ち着きがないすぎる,落ち着きがないすぎた
,落ち着きがないではない,落ち着きがないではなかった,落ち着きがないではない,,落ち着きがないではなくて,落ち着きがないでなさすぎる,落ち着きがないでなさすぎた
,落ち着きがないです,落ち着きがないでした,,,,落ち着きがないすぎます,落ち着きがないすぎました
,"落ち着きがないではないです
落ち着きがないではありません","落ち着きがないではなかったです
落ち着きがないではありませんでした",,,,落ち着きがないでなさすぎます,落ち着きがないでなさすぎました
harmful,有害,有害だった,有害な,有害に,有害で,有害すぎる,有害すぎた
,有害ではない,有害ではなかった,有害ではない,,有害ではなくて,有害でなさすぎる,有害でなさすぎた
,有害です,有害でした,,,,有害すぎます,有害すぎました
,"有害ではないです
有害ではありません","有害ではなかったです
有害ではありませんでした",,,,有害でなさすぎます,有害でなさすぎました
safe/harmless,無害,無害だった,無害な,無害に,無害で,無害すぎる,無害すぎた
,無害ではない,無害ではなかった,無害ではない,,無害ではなくて,無害でなさすぎる,無害でなさすぎた
,無害です,無害でした,,,,無害すぎます,無害すぎました
,"無害ではないです
無害ではありません","無害ではなかったです
無害ではありませんでした",,,,無害でなさすぎます,無害でなさすぎました
unsatisfactory,不十分,不十分だった,不十分な,不十分に,不十分で,不十分すぎる,不十分すぎた
,不十分ではない,不十分ではなかった,不十分ではない,,不十分ではなくて,不十分でなさすぎる,不十分でなさすぎた
,不十分です,不十分でした,,,,不十分すぎます,不十分すぎました
,"不十分ではないです
不十分ではありません","不十分ではなかったです
不十分ではありませんでした",,,,不十分でなさすぎます,不十分でなさすぎました
accurate,的確,的確だった,的確な,的確に,的確で,的確すぎる,的確すぎた
,的確ではない,的確ではなかった,的確ではない,,的確ではなくて,的確でなさすぎる,的確でなさすぎた
,的確です,的確でした,,,,的確すぎます,的確すぎました
,"的確ではないです
的確ではありません","的確ではなかったです
的確ではありませんでした",,,,的確でなさすぎます,的確でなさすぎました
vague,あいまい,あいまいだった,あいまいな,あいまいに,あいまいで,あいまいすぎる,あいまいすぎた
,あいまいではない,あいまいではなかった,あいまいではない,,あいまいではなくて,あいまいでなさすぎる,あいまいでなさすぎた
,あいまいです,あいまいでした,,,,あいまいすぎます,あいまいすぎました
,"あいまいではないです
あいまいではありません","あいまいではなかったです
あいまいではありませんでした",,,,あいまいでなさすぎます,あいまいでなさすぎました
loose (rule),ゆるやか,ゆるやかだった,ゆるやかな,ゆるやかに,ゆるやかで,ゆるやかすぎる,ゆるやかすぎた
,ゆるやかではない,ゆるやかではなかった,ゆるやかではない,,ゆるやかではなくて,ゆるやかでなさすぎる,ゆるやかでなさすぎた
,ゆるやかです,ゆるやかでした,,,,ゆるやかすぎます,ゆるやかすぎました
,"ゆるやかではないです
ゆるやかではありません","ゆるやかではなかったです
ゆるやかではありませんでした",,,,ゆるやかでなさすぎます,ゆるやかでなさすぎました
typical,ありがち,ありがちだった,ありがちな,ありがちに,ありがちで,ありがちすぎる,ありがちすぎた
,ありがちではない,ありがちではなかった,ありがちではない,,ありがちではなくて,ありがちでなさすぎる,ありがちでなさすぎた
,ありがちです,ありがちでした,,,,ありがちすぎます,ありがちすぎました
,"ありがちではないです
ありがちではありません","ありがちではなかったです
ありがちではありませんでした",,,,ありがちでなさすぎます,ありがちでなさすぎました